2026-10-06T03:55:39.721210+00:00 phase=running job=cpu-math-smoke
2026-10-06T03:55:54.840019+00:00 phase=running job=cpu-math-smoke
2026-10-06T03:55:54.840612+00:00 phase=job_completed job=cpu-math-smoke
2026-10-06T03:55:54.841394+00:00 phase=job_deferred job=cpu-math-smoke
2026-10-06T03:55:54.928380+00:00 phase=running job=gpu-short-smoke
2026-10-06T03:56:10.030870+00:00 phase=running job=gpu-short-smoke
2026-10-06T03:56:25.140973+00:00 phase=running job=gpu-short-smoke
2026-10-06T03:56:40.240495+00:00 phase=running job=gpu-short-smoke
2026-10-06T03:56:55.325549+00:00 phase=running job=gpu-short-smoke
2026-10-06T03:56:55.326973+00:00 phase=job_completed job=gpu-short-smoke
2026-10-06T03:56:55.327895+00:00 phase=job_deferred job=gpu-short-smoke
2026-10-06T03:56:55.415963+00:00 phase=running job=gpu-long-smoke
2026-10-06T03:57:10.494558+00:00 phase=running job=gpu-long-smoke
2026-10-06T03:57:25.595911+00:00 phase=running job=gpu-long-smoke
2026-10-06T03:57:40.678167+00:00 phase=running job=gpu-long-smoke
2026-10-06T03:57:55.802763+00:00 phase=running job=gpu-long-smoke
2026-10-06T03:58:10.891169+00:00 phase=running job=gpu-long-smoke
2026-10-06T03:58:26.020969+00:00 phase=running job=gpu-long-smoke
2026-10-06T03:58:41.151405+00:00 phase=running job=gpu-long-smoke
2026-10-06T03:58:56.270992+00:00 phase=running job=gpu-long-smoke
2026-10-06T03:59:11.372025+00:00 phase=running job=gpu-long-smoke
2026-10-06T03:59:26.493969+00:00 phase=running job=gpu-long-smoke
2026-10-06T03:59:26.494489+00:00 phase=job_completed job=gpu-long-smoke
2026-10-06T03:59:26.559357+00:00 phase=running job=audit-m2-t512
2026-10-06T03:59:41.642005+00:00 phase=running job=audit-m2-t512
2026-10-06T03:59:56.745614+00:00 phase=running job=audit-m2-t512
2026-10-06T04:00:11.848311+00:00 phase=running job=audit-m2-t512
2026-10-06T04:00:26.936187+00:00 phase=running job=audit-m2-t512
2026-10-06T04:00:42.064942+00:00 phase=running job=audit-m2-t512
2026-10-06T04:00:57.163139+00:00 phase=running job=audit-m2-t512
2026-10-06T04:01:12.289639+00:00 phase=running job=audit-m2-t512
2026-10-06T04:01:27.428471+00:00 phase=running job=audit-m2-t512
2026-10-06T04:01:42.518810+00:00 phase=running job=audit-m2-t512
2026-10-06T04:01:57.644505+00:00 phase=running job=audit-m2-t512
2026-10-06T04:02:12.750316+00:00 phase=running job=audit-m2-t512
2026-10-06T04:02:27.876212+00:00 phase=running job=audit-m2-t512
2026-10-06T04:02:42.977350+00:00 phase=running job=audit-m2-t512
2026-10-06T04:02:58.108696+00:00 phase=running job=audit-m2-t512
2026-10-06T04:03:13.227893+00:00 phase=running job=audit-m2-t512
2026-10-06T04:03:28.358691+00:00 phase=running job=audit-m2-t512
2026-10-06T04:03:43.469828+00:00 phase=running job=audit-m2-t512
2026-10-06T04:03:58.595867+00:00 phase=running job=audit-m2-t512
2026-10-06T04:04:13.682253+00:00 phase=running job=audit-m2-t512
2026-10-06T04:04:28.797714+00:00 phase=running job=audit-m2-t512
2026-10-06T04:04:43.908405+00:00 phase=running job=audit-m2-t512
2026-10-06T04:04:59.064187+00:00 phase=running job=audit-m2-t512
2026-10-06T04:05:14.193982+00:00 phase=running job=audit-m2-t512
2026-10-06T04:05:29.328683+00:00 phase=running job=audit-m2-t512
2026-10-06T04:05:44.437810+00:00 phase=running job=audit-m2-t512
2026-10-06T04:05:59.529744+00:00 phase=running job=audit-m2-t512
2026-10-06T04:06:14.659798+00:00 phase=running job=audit-m2-t512
2026-10-06T04:06:29.751782+00:00 phase=running job=audit-m2-t512
2026-10-06T04:06:44.873294+00:00 phase=running job=audit-m2-t512
2026-10-06T04:06:59.982644+00:00 phase=running job=audit-m2-t512
2026-10-06T04:07:15.096306+00:00 phase=running job=audit-m2-t512
2026-10-06T04:07:30.185682+00:00 phase=running job=audit-m2-t512
2026-10-06T04:07:45.317413+00:00 phase=running job=audit-m2-t512
2026-10-06T04:08:00.425472+00:00 phase=running job=audit-m2-t512
2026-10-06T04:08:15.517658+00:00 phase=running job=audit-m2-t512
2026-10-06T04:08:30.606975+00:00 phase=running job=audit-m2-t512
2026-10-06T04:08:45.740293+00:00 phase=running job=audit-m2-t512
2026-10-06T04:09:00.858316+00:00 phase=running job=audit-m2-t512
2026-10-06T04:09:15.952092+00:00 phase=running job=audit-m2-t512
2026-10-06T04:09:31.047413+00:00 phase=running job=audit-m2-t512
2026-10-06T04:09:46.158276+00:00 phase=running job=audit-m2-t512
2026-10-06T04:10:01.255355+00:00 phase=running job=audit-m2-t512
2026-10-06T04:10:16.364694+00:00 phase=running job=audit-m2-t512
2026-10-06T04:10:31.492102+00:00 phase=running job=audit-m2-t512
2026-10-06T04:10:46.581029+00:00 phase=running job=audit-m2-t512
2026-10-06T04:11:01.675858+00:00 phase=running job=audit-m2-t512
2026-10-06T04:11:16.783280+00:00 phase=running job=audit-m2-t512
2026-10-06T04:11:31.873592+00:00 phase=running job=audit-m2-t512
2026-10-06T04:11:47.001176+00:00 phase=running job=audit-m2-t512
2026-10-06T04:12:02.091297+00:00 phase=running job=audit-m2-t512
2026-10-06T04:12:17.219094+00:00 phase=running job=audit-m2-t512
2026-10-06T04:12:32.348665+00:00 phase=running job=audit-m2-t512
2026-10-06T04:12:47.460185+00:00 phase=running job=audit-m2-t512
2026-10-06T04:13:02.562031+00:00 phase=running job=audit-m2-t512
2026-10-06T04:13:17.678820+00:00 phase=running job=audit-m2-t512
2026-10-06T04:13:32.789258+00:00 phase=running job=audit-m2-t512
2026-10-06T04:13:47.881159+00:00 phase=running job=audit-m2-t512
2026-10-06T04:14:02.995622+00:00 phase=running job=audit-m2-t512
2026-10-06T04:14:18.104690+00:00 phase=running job=audit-m2-t512
2026-10-06T04:14:33.215605+00:00 phase=running job=audit-m2-t512
2026-10-06T04:14:48.308423+00:00 phase=running job=audit-m2-t512
2026-10-06T04:15:03.396796+00:00 phase=running job=audit-m2-t512
2026-10-06T04:15:18.509206+00:00 phase=running job=audit-m2-t512
2026-10-06T04:15:33.613374+00:00 phase=running job=audit-m2-t512
2026-10-06T04:15:48.742078+00:00 phase=running job=audit-m2-t512
2026-10-06T04:16:03.872578+00:00 phase=running job=audit-m2-t512
2026-10-06T04:16:18.961309+00:00 phase=running job=audit-m2-t512
2026-10-06T04:16:34.096508+00:00 phase=running job=audit-m2-t512
2026-10-06T04:16:49.217391+00:00 phase=running job=audit-m2-t512
2026-10-06T04:17:04.351928+00:00 phase=running job=audit-m2-t512
2026-10-06T04:17:19.475240+00:00 phase=running job=audit-m2-t512
2026-10-06T04:17:34.589642+00:00 phase=running job=audit-m2-t512
2026-10-06T04:17:49.709264+00:00 phase=running job=audit-m2-t512
2026-10-06T04:18:04.850600+00:00 phase=running job=audit-m2-t512
2026-10-06T04:18:19.975370+00:00 phase=running job=audit-m2-t512
2026-10-06T04:18:35.089277+00:00 phase=running job=audit-m2-t512
2026-10-06T04:18:50.197632+00:00 phase=running job=audit-m2-t512
2026-10-06T04:19:05.327563+00:00 phase=running job=audit-m2-t512
2026-10-06T04:19:20.510032+00:00 phase=running job=audit-m2-t512
2026-10-06T04:19:35.686020+00:00 phase=running job=audit-m2-t512
2026-10-06T04:19:50.811577+00:00 phase=running job=audit-m2-t512
2026-10-06T04:20:05.945471+00:00 phase=running job=audit-m2-t512
2026-10-06T04:20:21.077712+00:00 phase=running job=audit-m2-t512
2026-10-06T04:20:36.209306+00:00 phase=running job=audit-m2-t512
2026-10-06T04:20:51.320522+00:00 phase=running job=audit-m2-t512
2026-10-06T04:21:06.453731+00:00 phase=running job=audit-m2-t512
2026-10-06T04:21:21.586656+00:00 phase=running job=audit-m2-t512
2026-10-06T04:21:36.728640+00:00 phase=running job=audit-m2-t512
2026-10-06T04:21:51.866995+00:00 phase=running job=audit-m2-t512
2026-10-06T04:22:07.043323+00:00 phase=running job=audit-m2-t512
2026-10-06T04:22:22.157402+00:00 phase=running job=audit-m2-t512
2026-10-06T04:22:37.255812+00:00 phase=running job=audit-m2-t512
2026-10-06T04:22:52.367861+00:00 phase=running job=audit-m2-t512
2026-10-06T04:23:07.475113+00:00 phase=running job=audit-m2-t512
2026-10-06T04:23:22.573616+00:00 phase=running job=audit-m2-t512
2026-10-06T04:23:37.663646+00:00 phase=running job=audit-m2-t512
2026-10-06T04:23:52.792861+00:00 phase=running job=audit-m2-t512
2026-10-06T04:24:07.906066+00:00 phase=running job=audit-m2-t512
2026-10-06T04:24:23.017642+00:00 phase=running job=audit-m2-t512
2026-10-06T04:24:38.126504+00:00 phase=running job=audit-m2-t512
2026-10-06T04:24:53.253083+00:00 phase=running job=audit-m2-t512
2026-10-06T04:25:08.389200+00:00 phase=running job=audit-m2-t512
2026-10-06T04:25:23.490254+00:00 phase=running job=audit-m2-t512
2026-10-06T04:25:38.601073+00:00 phase=running job=audit-m2-t512
2026-10-06T04:25:53.709009+00:00 phase=running job=audit-m2-t512
2026-10-06T04:26:08.855615+00:00 phase=running job=audit-m2-t512
2026-10-06T04:26:23.968813+00:00 phase=running job=audit-m2-t512
2026-10-06T04:26:39.085696+00:00 phase=running job=audit-m2-t512
2026-10-06T04:26:54.183933+00:00 phase=running job=audit-m2-t512
2026-10-06T04:27:09.310839+00:00 phase=running job=audit-m2-t512
2026-10-06T04:27:24.442798+00:00 phase=running job=audit-m2-t512
2026-10-06T04:27:39.534367+00:00 phase=running job=audit-m2-t512
2026-10-06T04:27:54.625394+00:00 phase=running job=audit-m2-t512
2026-10-06T04:28:09.715310+00:00 phase=running job=audit-m2-t512
2026-10-06T04:28:24.845309+00:00 phase=running job=audit-m2-t512
2026-10-06T04:28:39.957897+00:00 phase=running job=audit-m2-t512
2026-10-06T04:28:55.066602+00:00 phase=running job=audit-m2-t512
2026-10-06T04:29:10.175831+00:00 phase=running job=audit-m2-t512
2026-10-06T04:29:25.302975+00:00 phase=running job=audit-m2-t512
2026-10-06T04:29:40.427616+00:00 phase=running job=audit-m2-t512
2026-10-06T04:29:55.518528+00:00 phase=running job=audit-m2-t512
2026-10-06T04:30:10.666331+00:00 phase=running job=audit-m2-t512
2026-10-06T04:30:25.778130+00:00 phase=running job=audit-m2-t512
2026-10-06T04:30:40.881065+00:00 phase=running job=audit-m2-t512
2026-10-06T04:30:56.043368+00:00 phase=running job=audit-m2-t512
2026-10-06T04:31:11.142639+00:00 phase=running job=audit-m2-t512
2026-10-06T04:31:26.277217+00:00 phase=running job=audit-m2-t512
2026-10-06T04:31:41.386889+00:00 phase=running job=audit-m2-t512
2026-10-06T04:31:56.499778+00:00 phase=running job=audit-m2-t512
2026-10-06T04:32:11.588540+00:00 phase=running job=audit-m2-t512
2026-10-06T04:32:26.726364+00:00 phase=running job=audit-m2-t512
2026-10-06T04:32:41.836035+00:00 phase=running job=audit-m2-t512
2026-10-06T04:32:56.965858+00:00 phase=running job=audit-m2-t512
2026-10-06T04:33:12.076115+00:00 phase=running job=audit-m2-t512
2026-10-06T04:33:27.203471+00:00 phase=running job=audit-m2-t512
2026-10-06T04:33:42.321745+00:00 phase=running job=audit-m2-t512
2026-10-06T04:33:57.411004+00:00 phase=running job=audit-m2-t512
2026-10-06T04:34:12.545431+00:00 phase=running job=audit-m2-t512
2026-10-06T04:34:27.684960+00:00 phase=running job=audit-m2-t512
2026-10-06T04:34:42.799680+00:00 phase=running job=audit-m2-t512
2026-10-06T04:34:57.931363+00:00 phase=running job=audit-m2-t512
2026-10-06T04:35:13.056062+00:00 phase=running job=audit-m2-t512
2026-10-06T04:35:28.189720+00:00 phase=running job=audit-m2-t512
2026-10-06T04:35:43.271765+00:00 phase=running job=audit-m2-t512
2026-10-06T04:35:58.405686+00:00 phase=running job=audit-m2-t512
2026-10-06T04:36:13.535045+00:00 phase=running job=audit-m2-t512
2026-10-06T04:36:28.655732+00:00 phase=running job=audit-m2-t512
2026-10-06T04:36:43.778833+00:00 phase=running job=audit-m2-t512
2026-10-06T04:36:58.909843+00:00 phase=running job=audit-m2-t512
2026-10-06T04:37:14.015555+00:00 phase=running job=audit-m2-t512
2026-10-06T04:37:29.143351+00:00 phase=running job=audit-m2-t512
2026-10-06T04:37:44.270379+00:00 phase=running job=audit-m2-t512
2026-10-06T04:37:59.393957+00:00 phase=running job=audit-m2-t512
2026-10-06T04:38:14.489325+00:00 phase=running job=audit-m2-t512
2026-10-06T04:38:29.609456+00:00 phase=running job=audit-m2-t512
2026-10-06T04:38:44.743349+00:00 phase=running job=audit-m2-t512
2026-10-06T04:38:59.857646+00:00 phase=running job=audit-m2-t512
2026-10-06T04:39:14.978827+00:00 phase=running job=audit-m2-t512
2026-10-06T04:39:30.092754+00:00 phase=running job=audit-m2-t512
2026-10-06T04:39:45.184339+00:00 phase=running job=audit-m2-t512
2026-10-06T04:40:00.365134+00:00 phase=running job=audit-m2-t512
2026-10-06T04:40:15.470655+00:00 phase=running job=audit-m2-t512
2026-10-06T04:40:30.569882+00:00 phase=running job=audit-m2-t512
2026-10-06T04:40:45.682591+00:00 phase=running job=audit-m2-t512
2026-10-06T04:41:00.772444+00:00 phase=running job=audit-m2-t512
2026-10-06T04:41:15.861357+00:00 phase=running job=audit-m2-t512
2026-10-06T04:41:30.992909+00:00 phase=running job=audit-m2-t512
2026-10-06T04:41:46.207184+00:00 phase=running job=audit-m2-t512
2026-10-06T04:42:01.297627+00:00 phase=running job=audit-m2-t512
2026-10-06T04:42:16.430539+00:00 phase=running job=audit-m2-t512
2026-10-06T04:42:31.558768+00:00 phase=running job=audit-m2-t512
2026-10-06T04:42:46.694415+00:00 phase=running job=audit-m2-t512
2026-10-06T04:43:01.843754+00:00 phase=running job=audit-m2-t512
2026-10-06T04:43:16.987469+00:00 phase=running job=audit-m2-t512
2026-10-06T04:43:32.123641+00:00 phase=running job=audit-m2-t512
2026-10-06T04:43:47.232910+00:00 phase=running job=audit-m2-t512
2026-10-06T04:44:02.347879+00:00 phase=running job=audit-m2-t512
2026-10-06T04:44:17.471959+00:00 phase=running job=audit-m2-t512
2026-10-06T04:44:32.584159+00:00 phase=running job=audit-m2-t512
2026-10-06T04:44:47.694273+00:00 phase=running job=audit-m2-t512
2026-10-06T04:45:02.820048+00:00 phase=running job=audit-m2-t512
2026-10-06T04:45:17.930800+00:00 phase=running job=audit-m2-t512
2026-10-06T04:45:33.044118+00:00 phase=running job=audit-m2-t512
2026-10-06T04:45:48.173413+00:00 phase=running job=audit-m2-t512
2026-10-06T04:46:03.346238+00:00 phase=running job=audit-m2-t512
2026-10-06T04:46:18.459085+00:00 phase=running job=audit-m2-t512
2026-10-06T04:46:33.564051+00:00 phase=running job=audit-m2-t512
2026-10-06T04:46:48.681814+00:00 phase=running job=audit-m2-t512
2026-10-06T04:47:03.793312+00:00 phase=running job=audit-m2-t512
2026-10-06T04:47:18.908336+00:00 phase=running job=audit-m2-t512
2026-10-06T04:47:34.020386+00:00 phase=running job=audit-m2-t512
2026-10-06T04:47:49.148091+00:00 phase=running job=audit-m2-t512
2026-10-06T04:48:04.234111+00:00 phase=running job=audit-m2-t512
2026-10-06T04:48:19.348666+00:00 phase=running job=audit-m2-t512
2026-10-06T04:48:34.461961+00:00 phase=running job=audit-m2-t512
2026-10-06T04:48:49.570080+00:00 phase=running job=audit-m2-t512
2026-10-06T04:49:04.703569+00:00 phase=running job=audit-m2-t512
2026-10-06T04:49:19.830619+00:00 phase=running job=audit-m2-t512
2026-10-06T04:49:34.920521+00:00 phase=running job=audit-m2-t512
2026-10-06T04:49:50.032395+00:00 phase=running job=audit-m2-t512
2026-10-06T04:50:05.125993+00:00 phase=running job=audit-m2-t512
2026-10-06T04:50:20.217064+00:00 phase=running job=audit-m2-t512
2026-10-06T04:50:35.306402+00:00 phase=running job=audit-m2-t512
2026-10-06T04:50:50.396506+00:00 phase=running job=audit-m2-t512
2026-10-06T04:51:05.483873+00:00 phase=running job=audit-m2-t512
2026-10-06T04:51:20.573043+00:00 phase=running job=audit-m2-t512
2026-10-06T04:51:35.689089+00:00 phase=running job=audit-m2-t512
2026-10-06T04:51:50.803103+00:00 phase=running job=audit-m2-t512
2026-10-06T04:52:05.910217+00:00 phase=running job=audit-m2-t512
2026-10-06T04:52:21.043279+00:00 phase=running job=audit-m2-t512
2026-10-06T04:52:36.152939+00:00 phase=running job=audit-m2-t512
2026-10-06T04:52:51.271371+00:00 phase=running job=audit-m2-t512
2026-10-06T04:53:06.398295+00:00 phase=running job=audit-m2-t512
2026-10-06T04:53:21.488543+00:00 phase=running job=audit-m2-t512
2026-10-06T04:53:36.576031+00:00 phase=running job=audit-m2-t512
2026-10-06T04:53:51.670221+00:00 phase=running job=audit-m2-t512
2026-10-06T04:54:06.785037+00:00 phase=running job=audit-m2-t512
2026-10-06T04:54:21.917173+00:00 phase=running job=audit-m2-t512
2026-10-06T04:54:37.024983+00:00 phase=running job=audit-m2-t512
2026-10-06T04:54:52.229896+00:00 phase=running job=audit-m2-t512
2026-10-06T04:55:07.340635+00:00 phase=running job=audit-m2-t512
2026-10-06T04:55:22.448972+00:00 phase=running job=audit-m2-t512
2026-10-06T04:55:37.576691+00:00 phase=running job=audit-m2-t512
2026-10-06T04:55:52.705816+00:00 phase=running job=audit-m2-t512
2026-10-06T04:56:07.829233+00:00 phase=running job=audit-m2-t512
2026-10-06T04:56:22.931055+00:00 phase=running job=audit-m2-t512
2026-10-06T04:56:38.065626+00:00 phase=running job=audit-m2-t512
2026-10-06T04:56:53.203081+00:00 phase=running job=audit-m2-t512
2026-10-06T04:57:08.317118+00:00 phase=running job=audit-m2-t512
2026-10-06T04:57:23.444441+00:00 phase=running job=audit-m2-t512
2026-10-06T04:57:38.573278+00:00 phase=running job=audit-m2-t512
2026-10-06T04:57:53.691786+00:00 phase=running job=audit-m2-t512
2026-10-06T04:58:08.817394+00:00 phase=running job=audit-m2-t512
2026-10-06T04:58:23.936630+00:00 phase=running job=audit-m2-t512
2026-10-06T04:58:39.063664+00:00 phase=running job=audit-m2-t512
2026-10-06T04:58:54.210578+00:00 phase=running job=audit-m2-t512
2026-10-06T04:59:09.345791+00:00 phase=running job=audit-m2-t512
2026-10-06T04:59:24.482974+00:00 phase=running job=audit-m2-t512
2026-10-06T04:59:39.577337+00:00 phase=running job=audit-m2-t512
2026-10-06T04:59:54.697157+00:00 phase=running job=audit-m2-t512
2026-10-06T05:00:09.829011+00:00 phase=running job=audit-m2-t512
2026-10-06T05:00:24.910480+00:00 phase=running job=audit-m2-t512
2026-10-06T05:00:40.037080+00:00 phase=running job=audit-m2-t512
2026-10-06T05:00:55.157160+00:00 phase=running job=audit-m2-t512
2026-10-06T05:01:10.295539+00:00 phase=running job=audit-m2-t512
2026-10-06T05:01:25.407860+00:00 phase=running job=audit-m2-t512
2026-10-06T05:01:40.530939+00:00 phase=running job=audit-m2-t512
2026-10-06T05:01:55.663286+00:00 phase=running job=audit-m2-t512
2026-10-06T05:02:10.786003+00:00 phase=running job=audit-m2-t512
2026-10-06T05:02:25.906564+00:00 phase=running job=audit-m2-t512
2026-10-06T05:02:40.997726+00:00 phase=running job=audit-m2-t512
2026-10-06T05:02:56.110841+00:00 phase=running job=audit-m2-t512
2026-10-06T05:03:11.219373+00:00 phase=running job=audit-m2-t512
2026-10-06T05:03:26.345769+00:00 phase=running job=audit-m2-t512
2026-10-06T05:03:41.488891+00:00 phase=running job=audit-m2-t512
2026-10-06T05:03:56.616314+00:00 phase=running job=audit-m2-t512
2026-10-06T05:04:11.729387+00:00 phase=running job=audit-m2-t512
2026-10-06T05:04:26.862028+00:00 phase=running job=audit-m2-t512
2026-10-06T05:04:41.991833+00:00 phase=running job=audit-m2-t512
2026-10-06T05:04:57.118718+00:00 phase=running job=audit-m2-t512
2026-10-06T05:05:12.248613+00:00 phase=running job=audit-m2-t512
2026-10-06T05:05:27.378925+00:00 phase=running job=audit-m2-t512
2026-10-06T05:05:42.508147+00:00 phase=running job=audit-m2-t512
2026-10-06T05:05:57.616539+00:00 phase=running job=audit-m2-t512
2026-10-06T05:06:12.725768+00:00 phase=running job=audit-m2-t512
2026-10-06T05:06:27.821700+00:00 phase=running job=audit-m2-t512
2026-10-06T05:06:42.912739+00:00 phase=running job=audit-m2-t512
2026-10-06T05:06:58.000739+00:00 phase=running job=audit-m2-t512
2026-10-06T05:07:13.111626+00:00 phase=running job=audit-m2-t512
2026-10-06T05:07:28.240361+00:00 phase=running job=audit-m2-t512
2026-10-06T05:07:43.434273+00:00 phase=running job=audit-m2-t512
2026-10-06T05:07:58.545484+00:00 phase=running job=audit-m2-t512
2026-10-06T05:08:13.675642+00:00 phase=running job=audit-m2-t512
2026-10-06T05:08:28.806443+00:00 phase=running job=audit-m2-t512
2026-10-06T05:08:43.969774+00:00 phase=running job=audit-m2-t512
2026-10-06T05:08:59.061591+00:00 phase=running job=audit-m2-t512
2026-10-06T05:09:14.173163+00:00 phase=running job=audit-m2-t512
2026-10-06T05:09:29.280164+00:00 phase=running job=audit-m2-t512
2026-10-06T05:09:44.368201+00:00 phase=running job=audit-m2-t512
2026-10-06T05:09:59.455523+00:00 phase=running job=audit-m2-t512
2026-10-06T05:10:14.563444+00:00 phase=running job=audit-m2-t512
2026-10-06T05:10:29.674173+00:00 phase=running job=audit-m2-t512
2026-10-06T05:10:44.778491+00:00 phase=running job=audit-m2-t512
2026-10-06T05:10:59.886086+00:00 phase=running job=audit-m2-t512
2026-10-06T05:11:14.978979+00:00 phase=running job=audit-m2-t512
2026-10-06T05:11:30.074245+00:00 phase=running job=audit-m2-t512
2026-10-06T05:11:45.165457+00:00 phase=running job=audit-m2-t512
2026-10-06T05:12:00.275328+00:00 phase=running job=audit-m2-t512
2026-10-06T05:12:15.401755+00:00 phase=running job=audit-m2-t512
2026-10-06T05:12:30.491270+00:00 phase=running job=audit-m2-t512
2026-10-06T05:12:45.603788+00:00 phase=running job=audit-m2-t512
2026-10-06T05:13:00.731512+00:00 phase=running job=audit-m2-t512
2026-10-06T05:13:15.857320+00:00 phase=running job=audit-m2-t512
2026-10-06T05:13:30.948819+00:00 phase=running job=audit-m2-t512
2026-10-06T05:13:46.053704+00:00 phase=running job=audit-m2-t512
2026-10-06T05:14:01.165111+00:00 phase=running job=audit-m2-t512
2026-10-06T05:14:16.296278+00:00 phase=running job=audit-m2-t512
2026-10-06T05:14:31.428440+00:00 phase=running job=audit-m2-t512
2026-10-06T05:14:46.557577+00:00 phase=running job=audit-m2-t512
2026-10-06T05:15:01.689976+00:00 phase=running job=audit-m2-t512
2026-10-06T05:15:16.854520+00:00 phase=running job=audit-m2-t512
2026-10-06T05:15:31.960794+00:00 phase=running job=audit-m2-t512
2026-10-06T05:15:47.048842+00:00 phase=running job=audit-m2-t512
2026-10-06T05:16:02.134300+00:00 phase=running job=audit-m2-t512
2026-10-06T05:16:17.224496+00:00 phase=running job=audit-m2-t512
2026-10-06T05:16:32.350268+00:00 phase=running job=audit-m2-t512
2026-10-06T05:16:47.441879+00:00 phase=running job=audit-m2-t512
2026-10-06T05:17:02.551593+00:00 phase=running job=audit-m2-t512
2026-10-06T05:17:17.678764+00:00 phase=running job=audit-m2-t512
2026-10-06T05:17:32.787504+00:00 phase=running job=audit-m2-t512
2026-10-06T05:17:47.896980+00:00 phase=running job=audit-m2-t512
2026-10-06T05:18:03.008626+00:00 phase=running job=audit-m2-t512
2026-10-06T05:18:18.269975+00:00 phase=running job=audit-m2-t512
2026-10-06T05:18:33.381879+00:00 phase=running job=audit-m2-t512
2026-10-06T05:18:48.515117+00:00 phase=running job=audit-m2-t512
2026-10-06T05:19:03.638333+00:00 phase=running job=audit-m2-t512
2026-10-06T05:19:18.781608+00:00 phase=running job=audit-m2-t512
2026-10-06T05:19:33.917619+00:00 phase=running job=audit-m2-t512
2026-10-06T05:19:49.047329+00:00 phase=running job=audit-m2-t512
2026-10-06T05:20:04.179598+00:00 phase=running job=audit-m2-t512
2026-10-06T05:20:19.282493+00:00 phase=running job=audit-m2-t512
2026-10-06T05:20:34.411746+00:00 phase=running job=audit-m2-t512
2026-10-06T05:20:49.539459+00:00 phase=running job=audit-m2-t512
2026-10-06T05:21:04.665612+00:00 phase=running job=audit-m2-t512
2026-10-06T05:21:19.775915+00:00 phase=running job=audit-m2-t512
2026-10-06T05:21:34.907586+00:00 phase=running job=audit-m2-t512
2026-10-06T05:21:49.998186+00:00 phase=running job=audit-m2-t512
2026-10-06T05:22:05.128724+00:00 phase=running job=audit-m2-t512
2026-10-06T05:22:20.226067+00:00 phase=running job=audit-m2-t512
2026-10-06T05:22:35.375830+00:00 phase=running job=audit-m2-t512
2026-10-06T05:22:50.639806+00:00 phase=running job=audit-m2-t512
2026-10-06T05:23:05.770868+00:00 phase=running job=audit-m2-t512
2026-10-06T05:23:20.883533+00:00 phase=running job=audit-m2-t512
2026-10-06T05:23:35.998984+00:00 phase=running job=audit-m2-t512
2026-10-06T05:23:51.110856+00:00 phase=running job=audit-m2-t512
2026-10-06T05:24:06.238232+00:00 phase=running job=audit-m2-t512
2026-10-06T05:24:21.369106+00:00 phase=running job=audit-m2-t512
2026-10-06T05:24:36.481645+00:00 phase=running job=audit-m2-t512
2026-10-06T05:24:51.612745+00:00 phase=running job=audit-m2-t512
2026-10-06T05:25:06.742270+00:00 phase=running job=audit-m2-t512
2026-10-06T05:25:21.834550+00:00 phase=running job=audit-m2-t512
2026-10-06T05:25:36.924967+00:00 phase=running job=audit-m2-t512
2026-10-06T05:25:52.056752+00:00 phase=running job=audit-m2-t512
2026-10-06T05:26:07.189131+00:00 phase=running job=audit-m2-t512
2026-10-06T05:26:22.285475+00:00 phase=running job=audit-m2-t512
2026-10-06T05:26:37.422751+00:00 phase=running job=audit-m2-t512
2026-10-06T05:26:52.536026+00:00 phase=running job=audit-m2-t512
2026-10-06T05:27:07.664840+00:00 phase=running job=audit-m2-t512
2026-10-06T05:27:22.784636+00:00 phase=running job=audit-m2-t512
2026-10-06T05:27:37.885940+00:00 phase=running job=audit-m2-t512
2026-10-06T05:27:53.022419+00:00 phase=running job=audit-m2-t512
2026-10-06T05:28:08.146777+00:00 phase=running job=audit-m2-t512
2026-10-06T05:28:23.259162+00:00 phase=running job=audit-m2-t512
2026-10-06T05:28:38.378939+00:00 phase=running job=audit-m2-t512
2026-10-06T05:28:53.635247+00:00 phase=running job=audit-m2-t512
2026-10-06T05:29:08.780575+00:00 phase=running job=audit-m2-t512
2026-10-06T05:29:23.904325+00:00 phase=running job=audit-m2-t512
2026-10-06T05:29:38.993080+00:00 phase=running job=audit-m2-t512
2026-10-06T05:29:54.103658+00:00 phase=running job=audit-m2-t512
2026-10-06T05:30:09.238654+00:00 phase=running job=audit-m2-t512
2026-10-06T05:30:24.370343+00:00 phase=running job=audit-m2-t512
2026-10-06T05:30:39.501402+00:00 phase=running job=audit-m2-t512
2026-10-06T05:30:54.593913+00:00 phase=running job=audit-m2-t512
2026-10-06T05:31:09.724837+00:00 phase=running job=audit-m2-t512
2026-10-06T05:31:24.835528+00:00 phase=running job=audit-m2-t512
2026-10-06T05:31:39.925925+00:00 phase=running job=audit-m2-t512
2026-10-06T05:31:55.016771+00:00 phase=running job=audit-m2-t512
2026-10-06T05:32:10.125952+00:00 phase=running job=audit-m2-t512
2026-10-06T05:32:25.255144+00:00 phase=running job=audit-m2-t512
2026-10-06T05:32:40.361236+00:00 phase=running job=audit-m2-t512
2026-10-06T05:32:55.450103+00:00 phase=running job=audit-m2-t512
2026-10-06T05:33:10.559290+00:00 phase=running job=audit-m2-t512
2026-10-06T05:33:25.648152+00:00 phase=running job=audit-m2-t512
2026-10-06T05:33:40.736632+00:00 phase=running job=audit-m2-t512
2026-10-06T05:33:55.864051+00:00 phase=running job=audit-m2-t512
2026-10-06T05:34:10.971216+00:00 phase=running job=audit-m2-t512
2026-10-06T05:34:26.100083+00:00 phase=running job=audit-m2-t512
2026-10-06T05:34:41.232531+00:00 phase=running job=audit-m2-t512
2026-10-06T05:34:56.320563+00:00 phase=running job=audit-m2-t512
2026-10-06T05:35:11.416898+00:00 phase=running job=audit-m2-t512
2026-10-06T05:35:26.510404+00:00 phase=running job=audit-m2-t512
2026-10-06T05:35:41.622177+00:00 phase=running job=audit-m2-t512
2026-10-06T05:35:56.714022+00:00 phase=running job=audit-m2-t512
2026-10-06T05:36:11.823604+00:00 phase=running job=audit-m2-t512
2026-10-06T05:36:26.931056+00:00 phase=running job=audit-m2-t512
2026-10-06T05:36:42.056560+00:00 phase=running job=audit-m2-t512
2026-10-06T05:36:57.164926+00:00 phase=running job=audit-m2-t512
2026-10-06T05:37:12.272288+00:00 phase=running job=audit-m2-t512
2026-10-06T05:37:27.379534+00:00 phase=running job=audit-m2-t512
2026-10-06T05:37:42.469364+00:00 phase=running job=audit-m2-t512
2026-10-06T05:37:57.730668+00:00 phase=running job=audit-m2-t512
2026-10-06T05:38:12.822988+00:00 phase=running job=audit-m2-t512
2026-10-06T05:38:27.973658+00:00 phase=running job=audit-m2-t512
2026-10-06T05:38:43.086337+00:00 phase=running job=audit-m2-t512
2026-10-06T05:38:58.186077+00:00 phase=running job=audit-m2-t512
2026-10-06T05:39:13.310686+00:00 phase=running job=audit-m2-t512
2026-10-06T05:39:28.435215+00:00 phase=running job=audit-m2-t512
2026-10-06T05:39:43.558734+00:00 phase=running job=audit-m2-t512
2026-10-06T05:39:58.685134+00:00 phase=running job=audit-m2-t512
2026-10-06T05:40:13.808467+00:00 phase=running job=audit-m2-t512
2026-10-06T05:40:28.955108+00:00 phase=running job=audit-m2-t512
2026-10-06T05:40:44.068174+00:00 phase=running job=audit-m2-t512
2026-10-06T05:40:59.201174+00:00 phase=running job=audit-m2-t512
2026-10-06T05:41:14.327397+00:00 phase=running job=audit-m2-t512
2026-10-06T05:41:29.449328+00:00 phase=running job=audit-m2-t512
2026-10-06T05:41:44.584396+00:00 phase=running job=audit-m2-t512
2026-10-06T05:41:59.703610+00:00 phase=running job=audit-m2-t512
2026-10-06T05:42:14.829017+00:00 phase=running job=audit-m2-t512
2026-10-06T05:42:29.963533+00:00 phase=running job=audit-m2-t512
2026-10-06T05:42:45.086353+00:00 phase=running job=audit-m2-t512
2026-10-06T05:43:00.224390+00:00 phase=running job=audit-m2-t512
2026-10-06T05:43:15.355034+00:00 phase=running job=audit-m2-t512
2026-10-06T05:43:30.489335+00:00 phase=running job=audit-m2-t512
2026-10-06T05:43:45.616879+00:00 phase=running job=audit-m2-t512
2026-10-06T05:44:00.739653+00:00 phase=running job=audit-m2-t512
2026-10-06T05:44:15.848817+00:00 phase=running job=audit-m2-t512
2026-10-06T05:44:30.980629+00:00 phase=running job=audit-m2-t512
2026-10-06T05:44:46.093651+00:00 phase=running job=audit-m2-t512
2026-10-06T05:45:01.207133+00:00 phase=running job=audit-m2-t512
2026-10-06T05:45:16.298239+00:00 phase=running job=audit-m2-t512
2026-10-06T05:45:31.464270+00:00 phase=running job=audit-m2-t512
2026-10-06T05:45:46.922600+00:00 phase=running job=audit-m2-t512
2026-10-06T05:46:02.096742+00:00 phase=running job=audit-m2-t512
2026-10-06T05:46:17.187099+00:00 phase=running job=audit-m2-t512
2026-10-06T05:46:32.321305+00:00 phase=running job=audit-m2-t512
2026-10-06T05:46:47.455387+00:00 phase=running job=audit-m2-t512
2026-10-06T05:47:02.569442+00:00 phase=running job=audit-m2-t512
2026-10-06T05:47:17.705024+00:00 phase=running job=audit-m2-t512
2026-10-06T05:47:32.838459+00:00 phase=running job=audit-m2-t512
2026-10-06T05:47:47.986487+00:00 phase=running job=audit-m2-t512
2026-10-06T05:48:03.115096+00:00 phase=running job=audit-m2-t512
2026-10-06T05:48:18.229007+00:00 phase=running job=audit-m2-t512
2026-10-06T05:48:33.361821+00:00 phase=running job=audit-m2-t512
2026-10-06T05:48:48.481365+00:00 phase=running job=audit-m2-t512
2026-10-06T05:49:03.571181+00:00 phase=running job=audit-m2-t512
2026-10-06T05:49:18.699948+00:00 phase=running job=audit-m2-t512
2026-10-06T05:49:33.789915+00:00 phase=running job=audit-m2-t512
2026-10-06T05:49:48.899466+00:00 phase=running job=audit-m2-t512
2026-10-06T05:50:04.007527+00:00 phase=running job=audit-m2-t512
2026-10-06T05:50:19.155036+00:00 phase=running job=audit-m2-t512
2026-10-06T05:50:34.271382+00:00 phase=running job=audit-m2-t512
2026-10-06T05:50:49.390213+00:00 phase=running job=audit-m2-t512
2026-10-06T05:51:04.482329+00:00 phase=running job=audit-m2-t512
2026-10-06T05:51:19.579480+00:00 phase=running job=audit-m2-t512
2026-10-06T05:51:34.672342+00:00 phase=running job=audit-m2-t512
2026-10-06T05:51:49.761368+00:00 phase=running job=audit-m2-t512
2026-10-06T05:52:04.850967+00:00 phase=running job=audit-m2-t512
2026-10-06T05:52:19.976640+00:00 phase=running job=audit-m2-t512
2026-10-06T05:52:35.068782+00:00 phase=running job=audit-m2-t512
2026-10-06T05:52:50.159360+00:00 phase=running job=audit-m2-t512
2026-10-06T05:53:05.288193+00:00 phase=running job=audit-m2-t512
2026-10-06T05:53:20.399749+00:00 phase=running job=audit-m2-t512
2026-10-06T05:53:35.507083+00:00 phase=running job=audit-m2-t512
2026-10-06T05:53:50.615522+00:00 phase=running job=audit-m2-t512
2026-10-06T05:54:05.721254+00:00 phase=running job=audit-m2-t512
2026-10-06T05:54:20.855319+00:00 phase=running job=audit-m2-t512
2026-10-06T05:54:35.983806+00:00 phase=running job=audit-m2-t512
2026-10-06T05:54:51.090445+00:00 phase=running job=audit-m2-t512
2026-10-06T05:55:06.215554+00:00 phase=running job=audit-m2-t512
2026-10-06T05:55:21.313408+00:00 phase=running job=audit-m2-t512
2026-10-06T05:55:36.499127+00:00 phase=running job=audit-m2-t512
2026-10-06T05:55:51.634250+00:00 phase=running job=audit-m2-t512
2026-10-06T05:56:06.763250+00:00 phase=running job=audit-m2-t512
2026-10-06T05:56:21.896781+00:00 phase=running job=audit-m2-t512
2026-10-06T05:56:37.013885+00:00 phase=running job=audit-m2-t512
2026-10-06T05:56:52.144315+00:00 phase=running job=audit-m2-t512
2026-10-06T05:57:07.232542+00:00 phase=running job=audit-m2-t512
2026-10-06T05:57:22.359642+00:00 phase=running job=audit-m2-t512
2026-10-06T05:57:37.477188+00:00 phase=running job=audit-m2-t512
2026-10-06T05:57:52.591413+00:00 phase=running job=audit-m2-t512
2026-10-06T05:58:07.697032+00:00 phase=running job=audit-m2-t512
2026-10-06T05:58:22.801137+00:00 phase=running job=audit-m2-t512
2026-10-06T05:58:37.931216+00:00 phase=running job=audit-m2-t512
2026-10-06T05:58:53.058766+00:00 phase=running job=audit-m2-t512
2026-10-06T05:59:08.167938+00:00 phase=running job=audit-m2-t512
2026-10-06T05:59:23.276857+00:00 phase=running job=audit-m2-t512
2026-10-06T05:59:38.384290+00:00 phase=running job=audit-m2-t512
2026-10-06T05:59:53.504898+00:00 phase=running job=audit-m2-t512
2026-10-06T06:00:08.632104+00:00 phase=running job=audit-m2-t512
2026-10-06T06:00:23.759147+00:00 phase=running job=audit-m2-t512
2026-10-06T06:00:38.886439+00:00 phase=running job=audit-m2-t512
2026-10-06T06:00:54.011591+00:00 phase=running job=audit-m2-t512
2026-10-06T06:01:09.124762+00:00 phase=running job=audit-m2-t512
2026-10-06T06:01:24.262392+00:00 phase=running job=audit-m2-t512
2026-10-06T06:01:39.389065+00:00 phase=running job=audit-m2-t512
2026-10-06T06:01:54.516323+00:00 phase=running job=audit-m2-t512
2026-10-06T06:02:09.646065+00:00 phase=running job=audit-m2-t512
2026-10-06T06:02:24.768417+00:00 phase=running job=audit-m2-t512
2026-10-06T06:02:39.888216+00:00 phase=running job=audit-m2-t512
2026-10-06T06:02:55.086539+00:00 phase=running job=audit-m2-t512
2026-10-06T06:03:10.231694+00:00 phase=running job=audit-m2-t512
2026-10-06T06:03:25.352163+00:00 phase=running job=audit-m2-t512
2026-10-06T06:03:40.477203+00:00 phase=running job=audit-m2-t512
2026-10-06T06:03:55.596706+00:00 phase=running job=audit-m2-t512
2026-10-06T06:04:10.718054+00:00 phase=running job=audit-m2-t512
2026-10-06T06:04:25.840017+00:00 phase=running job=audit-m2-t512
2026-10-06T06:04:40.965023+00:00 phase=running job=audit-m2-t512
2026-10-06T06:04:56.094580+00:00 phase=running job=audit-m2-t512
2026-10-06T06:05:11.223413+00:00 phase=running job=audit-m2-t512
2026-10-06T06:05:26.368301+00:00 phase=running job=audit-m2-t512
2026-10-06T06:05:41.493040+00:00 phase=running job=audit-m2-t512
2026-10-06T06:05:56.614185+00:00 phase=running job=audit-m2-t512
2026-10-06T06:06:11.736430+00:00 phase=running job=audit-m2-t512
2026-10-06T06:06:26.856620+00:00 phase=running job=audit-m2-t512
2026-10-06T06:06:41.966785+00:00 phase=running job=audit-m2-t512
2026-10-06T06:06:57.080637+00:00 phase=running job=audit-m2-t512
2026-10-06T06:07:12.171717+00:00 phase=running job=audit-m2-t512
2026-10-06T06:07:27.279447+00:00 phase=running job=audit-m2-t512
2026-10-06T06:07:42.410580+00:00 phase=running job=audit-m2-t512
2026-10-06T06:07:57.502003+00:00 phase=running job=audit-m2-t512
2026-10-06T06:08:12.595822+00:00 phase=running job=audit-m2-t512
2026-10-06T06:08:27.761558+00:00 phase=running job=audit-m2-t512
2026-10-06T06:08:42.905821+00:00 phase=running job=audit-m2-t512
2026-10-06T06:08:58.063788+00:00 phase=running job=audit-m2-t512
2026-10-06T06:09:13.176068+00:00 phase=running job=audit-m2-t512
2026-10-06T06:09:28.303745+00:00 phase=running job=audit-m2-t512
2026-10-06T06:09:43.431875+00:00 phase=running job=audit-m2-t512
2026-10-06T06:09:58.542265+00:00 phase=running job=audit-m2-t512
2026-10-06T06:10:13.653115+00:00 phase=running job=audit-m2-t512
2026-10-06T06:10:28.789908+00:00 phase=running job=audit-m2-t512
2026-10-06T06:10:43.907469+00:00 phase=running job=audit-m2-t512
2026-10-06T06:10:58.999408+00:00 phase=running job=audit-m2-t512
2026-10-06T06:11:14.091673+00:00 phase=running job=audit-m2-t512
2026-10-06T06:11:29.183384+00:00 phase=running job=audit-m2-t512
2026-10-06T06:11:44.274021+00:00 phase=running job=audit-m2-t512
2026-10-06T06:11:59.363755+00:00 phase=running job=audit-m2-t512
2026-10-06T06:12:14.495295+00:00 phase=running job=audit-m2-t512
2026-10-06T06:12:29.603968+00:00 phase=running job=audit-m2-t512
2026-10-06T06:12:44.693617+00:00 phase=running job=audit-m2-t512
2026-10-06T06:12:59.801105+00:00 phase=running job=audit-m2-t512
2026-10-06T06:13:14.891672+00:00 phase=running job=audit-m2-t512
2026-10-06T06:13:30.004507+00:00 phase=running job=audit-m2-t512
2026-10-06T06:13:45.093452+00:00 phase=running job=audit-m2-t512
2026-10-06T06:14:00.204244+00:00 phase=running job=audit-m2-t512
2026-10-06T06:14:15.314321+00:00 phase=running job=audit-m2-t512
2026-10-06T06:14:30.509518+00:00 phase=running job=audit-m2-t512
2026-10-06T06:14:45.622373+00:00 phase=running job=audit-m2-t512
2026-10-06T06:15:00.751367+00:00 phase=running job=audit-m2-t512
2026-10-06T06:15:15.880508+00:00 phase=running job=audit-m2-t512
2026-10-06T06:15:30.992947+00:00 phase=running job=audit-m2-t512
2026-10-06T06:15:46.085500+00:00 phase=running job=audit-m2-t512
2026-10-06T06:16:01.176147+00:00 phase=running job=audit-m2-t512
2026-10-06T06:16:16.284873+00:00 phase=running job=audit-m2-t512
2026-10-06T06:16:31.400727+00:00 phase=running job=audit-m2-t512
2026-10-06T06:16:46.491977+00:00 phase=running job=audit-m2-t512
2026-10-06T06:17:01.619042+00:00 phase=running job=audit-m2-t512
2026-10-06T06:17:16.729017+00:00 phase=running job=audit-m2-t512
2026-10-06T06:17:31.840989+00:00 phase=running job=audit-m2-t512
2026-10-06T06:17:46.952584+00:00 phase=running job=audit-m2-t512
2026-10-06T06:18:02.068663+00:00 phase=running job=audit-m2-t512
2026-10-06T06:18:17.182387+00:00 phase=running job=audit-m2-t512
2026-10-06T06:18:32.294663+00:00 phase=running job=audit-m2-t512
2026-10-06T06:18:47.410194+00:00 phase=running job=audit-m2-t512
2026-10-06T06:19:02.499741+00:00 phase=running job=audit-m2-t512
2026-10-06T06:19:17.616451+00:00 phase=running job=audit-m2-t512
2026-10-06T06:19:32.724789+00:00 phase=running job=audit-m2-t512
2026-10-06T06:19:47.815835+00:00 phase=running job=audit-m2-t512
2026-10-06T06:20:02.923458+00:00 phase=running job=audit-m2-t512
2026-10-06T06:20:18.015646+00:00 phase=running job=audit-m2-t512
2026-10-06T06:20:33.122983+00:00 phase=running job=audit-m2-t512
2026-10-06T06:20:48.211901+00:00 phase=running job=audit-m2-t512
2026-10-06T06:21:03.321520+00:00 phase=running job=audit-m2-t512
2026-10-06T06:21:18.451429+00:00 phase=running job=audit-m2-t512
2026-10-06T06:21:33.541073+00:00 phase=running job=audit-m2-t512
2026-10-06T06:21:48.656747+00:00 phase=running job=audit-m2-t512
2026-10-06T06:22:03.767244+00:00 phase=running job=audit-m2-t512
2026-10-06T06:22:18.860474+00:00 phase=running job=audit-m2-t512
2026-10-06T06:22:33.989892+00:00 phase=running job=audit-m2-t512
2026-10-06T06:22:49.082075+00:00 phase=running job=audit-m2-t512
2026-10-06T06:23:04.172575+00:00 phase=running job=audit-m2-t512
2026-10-06T06:23:19.284244+00:00 phase=running job=audit-m2-t512
2026-10-06T06:23:34.372131+00:00 phase=running job=audit-m2-t512
2026-10-06T06:23:49.484299+00:00 phase=running job=audit-m2-t512
2026-10-06T06:24:04.597197+00:00 phase=running job=audit-m2-t512
2026-10-06T06:24:19.710931+00:00 phase=running job=audit-m2-t512
2026-10-06T06:24:34.816496+00:00 phase=running job=audit-m2-t512
2026-10-06T06:24:49.926550+00:00 phase=running job=audit-m2-t512
2026-10-06T06:25:05.018438+00:00 phase=running job=audit-m2-t512
2026-10-06T06:25:20.105833+00:00 phase=running job=audit-m2-t512
2026-10-06T06:25:35.216433+00:00 phase=running job=audit-m2-t512
2026-10-06T06:25:50.322109+00:00 phase=running job=audit-m2-t512
2026-10-06T06:26:05.413753+00:00 phase=running job=audit-m2-t512
2026-10-06T06:26:20.542799+00:00 phase=running job=audit-m2-t512
2026-10-06T06:26:35.632127+00:00 phase=running job=audit-m2-t512
2026-10-06T06:26:50.740590+00:00 phase=running job=audit-m2-t512
2026-10-06T06:27:05.828152+00:00 phase=running job=audit-m2-t512
2026-10-06T06:27:20.924039+00:00 phase=running job=audit-m2-t512
2026-10-06T06:27:36.013242+00:00 phase=running job=audit-m2-t512
2026-10-06T06:27:51.129302+00:00 phase=running job=audit-m2-t512
2026-10-06T06:28:06.245149+00:00 phase=running job=audit-m2-t512
2026-10-06T06:28:21.373319+00:00 phase=running job=audit-m2-t512
2026-10-06T06:28:36.462477+00:00 phase=running job=audit-m2-t512
2026-10-06T06:28:51.552267+00:00 phase=running job=audit-m2-t512
2026-10-06T06:29:06.640863+00:00 phase=running job=audit-m2-t512
2026-10-06T06:29:21.751681+00:00 phase=running job=audit-m2-t512
2026-10-06T06:29:36.842236+00:00 phase=running job=audit-m2-t512
2026-10-06T06:29:51.932350+00:00 phase=running job=audit-m2-t512
2026-10-06T06:30:07.043932+00:00 phase=running job=audit-m2-t512
2026-10-06T06:30:22.152960+00:00 phase=running job=audit-m2-t512
2026-10-06T06:30:37.264332+00:00 phase=running job=audit-m2-t512
2026-10-06T06:30:52.352147+00:00 phase=running job=audit-m2-t512
2026-10-06T06:31:07.449298+00:00 phase=running job=audit-m2-t512
2026-10-06T06:31:22.543581+00:00 phase=running job=audit-m2-t512
2026-10-06T06:31:37.659422+00:00 phase=running job=audit-m2-t512
2026-10-06T06:31:52.749978+00:00 phase=running job=audit-m2-t512
2026-10-06T06:32:07.849914+00:00 phase=running job=audit-m2-t512
2026-10-06T06:32:22.959180+00:00 phase=running job=audit-m2-t512
2026-10-06T06:32:38.085456+00:00 phase=running job=audit-m2-t512
2026-10-06T06:32:53.192447+00:00 phase=running job=audit-m2-t512
2026-10-06T06:33:08.300146+00:00 phase=running job=audit-m2-t512
2026-10-06T06:33:23.407310+00:00 phase=running job=audit-m2-t512
2026-10-06T06:33:38.514434+00:00 phase=running job=audit-m2-t512
2026-10-06T06:33:53.604702+00:00 phase=running job=audit-m2-t512
2026-10-06T06:34:08.721986+00:00 phase=running job=audit-m2-t512
2026-10-06T06:34:23.835826+00:00 phase=running job=audit-m2-t512
2026-10-06T06:34:38.932169+00:00 phase=running job=audit-m2-t512
2026-10-06T06:34:54.050731+00:00 phase=running job=audit-m2-t512
2026-10-06T06:35:09.140999+00:00 phase=running job=audit-m2-t512
2026-10-06T06:35:24.252905+00:00 phase=running job=audit-m2-t512
2026-10-06T06:35:39.364039+00:00 phase=running job=audit-m2-t512
2026-10-06T06:35:54.452556+00:00 phase=running job=audit-m2-t512
2026-10-06T06:36:09.562569+00:00 phase=running job=audit-m2-t512
2026-10-06T06:36:24.672040+00:00 phase=running job=audit-m2-t512
2026-10-06T06:36:39.762892+00:00 phase=running job=audit-m2-t512
2026-10-06T06:36:54.875411+00:00 phase=running job=audit-m2-t512
2026-10-06T06:37:09.987484+00:00 phase=running job=audit-m2-t512
2026-10-06T06:37:25.081636+00:00 phase=running job=audit-m2-t512
2026-10-06T06:37:40.200651+00:00 phase=running job=audit-m2-t512
2026-10-06T06:37:55.288552+00:00 phase=running job=audit-m2-t512
2026-10-06T06:38:10.376270+00:00 phase=running job=audit-m2-t512
2026-10-06T06:38:25.503462+00:00 phase=running job=audit-m2-t512
2026-10-06T06:38:40.593162+00:00 phase=running job=audit-m2-t512
2026-10-06T06:38:55.703883+00:00 phase=running job=audit-m2-t512
2026-10-06T06:39:10.832163+00:00 phase=running job=audit-m2-t512
2026-10-06T06:39:25.961331+00:00 phase=running job=audit-m2-t512
2026-10-06T06:39:41.074901+00:00 phase=running job=audit-m2-t512
2026-10-06T06:39:56.183135+00:00 phase=running job=audit-m2-t512
2026-10-06T06:40:11.296190+00:00 phase=running job=audit-m2-t512
2026-10-06T06:40:26.404943+00:00 phase=running job=audit-m2-t512
2026-10-06T06:40:41.498129+00:00 phase=running job=audit-m2-t512
2026-10-06T06:40:56.587482+00:00 phase=running job=audit-m2-t512
2026-10-06T06:41:11.677255+00:00 phase=running job=audit-m2-t512
2026-10-06T06:41:26.766415+00:00 phase=running job=audit-m2-t512
2026-10-06T06:41:41.876553+00:00 phase=running job=audit-m2-t512
2026-10-06T06:41:56.982994+00:00 phase=running job=audit-m2-t512
2026-10-06T06:42:12.091644+00:00 phase=running job=audit-m2-t512
2026-10-06T06:42:27.177485+00:00 phase=running job=audit-m2-t512
2026-10-06T06:42:42.288482+00:00 phase=running job=audit-m2-t512
2026-10-06T06:42:57.401712+00:00 phase=running job=audit-m2-t512
2026-10-06T06:43:12.499544+00:00 phase=running job=audit-m2-t512
2026-10-06T06:43:27.608277+00:00 phase=running job=audit-m2-t512
2026-10-06T06:43:42.702901+00:00 phase=running job=audit-m2-t512
2026-10-06T06:43:57.809578+00:00 phase=running job=audit-m2-t512
2026-10-06T06:44:12.923217+00:00 phase=running job=audit-m2-t512
2026-10-06T06:44:28.012236+00:00 phase=running job=audit-m2-t512
2026-10-06T06:44:43.101064+00:00 phase=running job=audit-m2-t512
2026-10-06T06:44:58.182291+00:00 phase=running job=audit-m2-t512
2026-10-06T06:45:13.273768+00:00 phase=running job=audit-m2-t512
2026-10-06T06:45:28.377067+00:00 phase=running job=audit-m2-t512
2026-10-06T06:45:43.494931+00:00 phase=running job=audit-m2-t512
2026-10-06T06:45:58.585005+00:00 phase=running job=audit-m2-t512
2026-10-06T06:46:13.676819+00:00 phase=running job=audit-m2-t512
2026-10-06T06:46:28.806021+00:00 phase=running job=audit-m2-t512
2026-10-06T06:46:43.912474+00:00 phase=running job=audit-m2-t512
2026-10-06T06:46:58.998887+00:00 phase=running job=audit-m2-t512
2026-10-06T06:47:14.126398+00:00 phase=running job=audit-m2-t512
2026-10-06T06:47:29.234682+00:00 phase=running job=audit-m2-t512
2026-10-06T06:47:44.327662+00:00 phase=running job=audit-m2-t512
2026-10-06T06:47:59.453546+00:00 phase=running job=audit-m2-t512
2026-10-06T06:48:14.547043+00:00 phase=running job=audit-m2-t512
2026-10-06T06:48:29.642866+00:00 phase=running job=audit-m2-t512
2026-10-06T06:48:44.779191+00:00 phase=running job=audit-m2-t512
2026-10-06T06:48:59.868497+00:00 phase=running job=audit-m2-t512
2026-10-06T06:49:14.994326+00:00 phase=running job=audit-m2-t512
2026-10-06T06:49:30.104863+00:00 phase=running job=audit-m2-t512
2026-10-06T06:49:45.196605+00:00 phase=running job=audit-m2-t512
2026-10-06T06:50:00.303122+00:00 phase=running job=audit-m2-t512
2026-10-06T06:50:15.410981+00:00 phase=running job=audit-m2-t512
2026-10-06T06:50:30.538901+00:00 phase=running job=audit-m2-t512
2026-10-06T06:50:45.628555+00:00 phase=running job=audit-m2-t512
2026-10-06T06:51:00.737914+00:00 phase=running job=audit-m2-t512
2026-10-06T06:51:15.850032+00:00 phase=running job=audit-m2-t512
2026-10-06T06:51:30.940636+00:00 phase=running job=audit-m2-t512
2026-10-06T06:51:46.036703+00:00 phase=running job=audit-m2-t512
2026-10-06T06:52:01.135032+00:00 phase=running job=audit-m2-t512
2026-10-06T06:52:16.225578+00:00 phase=running job=audit-m2-t512
2026-10-06T06:52:31.322377+00:00 phase=running job=audit-m2-t512
2026-10-06T06:52:46.415663+00:00 phase=running job=audit-m2-t512
2026-10-06T06:53:01.527863+00:00 phase=running job=audit-m2-t512
2026-10-06T06:53:16.639290+00:00 phase=running job=audit-m2-t512
2026-10-06T06:53:31.728213+00:00 phase=running job=audit-m2-t512
2026-10-06T06:53:46.816834+00:00 phase=running job=audit-m2-t512
2026-10-06T06:54:01.906397+00:00 phase=running job=audit-m2-t512
2026-10-06T06:54:16.994053+00:00 phase=running job=audit-m2-t512
2026-10-06T06:54:32.085508+00:00 phase=running job=audit-m2-t512
2026-10-06T06:54:47.174225+00:00 phase=running job=audit-m2-t512
2026-10-06T06:55:02.285541+00:00 phase=running job=audit-m2-t512
2026-10-06T06:55:17.393122+00:00 phase=running job=audit-m2-t512
2026-10-06T06:55:32.522082+00:00 phase=running job=audit-m2-t512
2026-10-06T06:55:47.656667+00:00 phase=running job=audit-m2-t512
2026-10-06T06:56:02.782745+00:00 phase=running job=audit-m2-t512
2026-10-06T06:56:17.893515+00:00 phase=running job=audit-m2-t512
2026-10-06T06:56:33.010698+00:00 phase=running job=audit-m2-t512
2026-10-06T06:56:48.125478+00:00 phase=running job=audit-m2-t512
2026-10-06T06:57:03.242693+00:00 phase=running job=audit-m2-t512
2026-10-06T06:57:18.352102+00:00 phase=running job=audit-m2-t512
2026-10-06T06:57:33.440474+00:00 phase=running job=audit-m2-t512
2026-10-06T06:57:48.529794+00:00 phase=running job=audit-m2-t512
2026-10-06T06:58:03.620502+00:00 phase=running job=audit-m2-t512
2026-10-06T06:58:18.731079+00:00 phase=running job=audit-m2-t512
2026-10-06T06:58:33.819980+00:00 phase=running job=audit-m2-t512
2026-10-06T06:58:48.944396+00:00 phase=running job=audit-m2-t512
2026-10-06T06:59:04.052514+00:00 phase=running job=audit-m2-t512
2026-10-06T06:59:19.158524+00:00 phase=running job=audit-m2-t512
2026-10-06T06:59:34.248431+00:00 phase=running job=audit-m2-t512
2026-10-06T06:59:49.355015+00:00 phase=running job=audit-m2-t512
2026-10-06T07:00:04.444593+00:00 phase=running job=audit-m2-t512
2026-10-06T07:00:19.558829+00:00 phase=running job=audit-m2-t512
2026-10-06T07:00:34.650478+00:00 phase=running job=audit-m2-t512
2026-10-06T07:00:49.778495+00:00 phase=running job=audit-m2-t512
2026-10-06T07:01:04.869211+00:00 phase=running job=audit-m2-t512
2026-10-06T07:01:19.961016+00:00 phase=running job=audit-m2-t512
2026-10-06T07:01:35.054472+00:00 phase=running job=audit-m2-t512
2026-10-06T07:01:50.146063+00:00 phase=running job=audit-m2-t512
2026-10-06T07:02:05.230917+00:00 phase=running job=audit-m2-t512
2026-10-06T07:02:20.335852+00:00 phase=running job=audit-m2-t512
2026-10-06T07:02:35.424511+00:00 phase=running job=audit-m2-t512
2026-10-06T07:02:35.425061+00:00 phase=job_completed job=audit-m2-t512
2026-10-06T07:02:35.513199+00:00 phase=running job=audit-m4-t512
2026-10-06T07:02:50.622160+00:00 phase=running job=audit-m4-t512
2026-10-06T07:03:05.701298+00:00 phase=running job=audit-m4-t512
2026-10-06T07:03:20.786710+00:00 phase=running job=audit-m4-t512
2026-10-06T07:03:35.911707+00:00 phase=running job=audit-m4-t512
2026-10-06T07:03:51.012435+00:00 phase=running job=audit-m4-t512
2026-10-06T07:04:06.111930+00:00 phase=running job=audit-m4-t512
2026-10-06T07:04:21.215541+00:00 phase=running job=audit-m4-t512
2026-10-06T07:04:36.337911+00:00 phase=running job=audit-m4-t512
2026-10-06T07:04:51.443822+00:00 phase=running job=audit-m4-t512
2026-10-06T07:05:06.548350+00:00 phase=running job=audit-m4-t512
2026-10-06T07:05:21.651588+00:00 phase=running job=audit-m4-t512
2026-10-06T07:05:36.753555+00:00 phase=running job=audit-m4-t512
2026-10-06T07:05:51.841836+00:00 phase=running job=audit-m4-t512
2026-10-06T07:06:06.925510+00:00 phase=running job=audit-m4-t512
2026-10-06T07:06:22.033551+00:00 phase=running job=audit-m4-t512
2026-10-06T07:06:37.158832+00:00 phase=running job=audit-m4-t512
2026-10-06T07:06:52.244953+00:00 phase=running job=audit-m4-t512
2026-10-06T07:07:07.352423+00:00 phase=running job=audit-m4-t512
2026-10-06T07:07:22.461630+00:00 phase=running job=audit-m4-t512
2026-10-06T07:07:37.569352+00:00 phase=running job=audit-m4-t512
2026-10-06T07:07:52.656416+00:00 phase=running job=audit-m4-t512
2026-10-06T07:08:07.760194+00:00 phase=running job=audit-m4-t512
2026-10-06T07:08:22.864164+00:00 phase=running job=audit-m4-t512
2026-10-06T07:08:37.953528+00:00 phase=running job=audit-m4-t512
2026-10-06T07:08:53.084867+00:00 phase=running job=audit-m4-t512
2026-10-06T07:09:08.174248+00:00 phase=running job=audit-m4-t512
2026-10-06T07:09:23.286740+00:00 phase=running job=audit-m4-t512
2026-10-06T07:09:38.380183+00:00 phase=running job=audit-m4-t512
2026-10-06T07:09:53.475245+00:00 phase=running job=audit-m4-t512
2026-10-06T07:10:08.589865+00:00 phase=running job=audit-m4-t512
2026-10-06T07:10:23.700527+00:00 phase=running job=audit-m4-t512
2026-10-06T07:10:38.789334+00:00 phase=running job=audit-m4-t512
2026-10-06T07:10:53.906022+00:00 phase=running job=audit-m4-t512
2026-10-06T07:11:09.019172+00:00 phase=running job=audit-m4-t512
2026-10-06T07:11:24.151520+00:00 phase=running job=audit-m4-t512
2026-10-06T07:11:39.244342+00:00 phase=running job=audit-m4-t512
2026-10-06T07:11:54.371800+00:00 phase=running job=audit-m4-t512
2026-10-06T07:12:09.457728+00:00 phase=running job=audit-m4-t512
2026-10-06T07:12:24.596367+00:00 phase=running job=audit-m4-t512
2026-10-06T07:12:39.681459+00:00 phase=running job=audit-m4-t512
2026-10-06T07:12:54.794213+00:00 phase=running job=audit-m4-t512
2026-10-06T07:13:09.919020+00:00 phase=running job=audit-m4-t512
2026-10-06T07:13:25.007347+00:00 phase=running job=audit-m4-t512
2026-10-06T07:13:40.128973+00:00 phase=running job=audit-m4-t512
2026-10-06T07:13:55.221295+00:00 phase=running job=audit-m4-t512
2026-10-06T07:14:10.338209+00:00 phase=running job=audit-m4-t512
2026-10-06T07:14:25.432278+00:00 phase=running job=audit-m4-t512
2026-10-06T07:14:40.540446+00:00 phase=running job=audit-m4-t512
2026-10-06T07:14:55.649354+00:00 phase=running job=audit-m4-t512
2026-10-06T07:15:10.778469+00:00 phase=running job=audit-m4-t512
2026-10-06T07:15:25.876721+00:00 phase=running job=audit-m4-t512
2026-10-06T07:15:41.014175+00:00 phase=running job=audit-m4-t512
2026-10-06T07:15:56.123489+00:00 phase=running job=audit-m4-t512
2026-10-06T07:16:11.237441+00:00 phase=running job=audit-m4-t512
2026-10-06T07:16:26.381531+00:00 phase=running job=audit-m4-t512
2026-10-06T07:16:41.469026+00:00 phase=running job=audit-m4-t512
2026-10-06T07:16:56.556989+00:00 phase=running job=audit-m4-t512
2026-10-06T07:17:11.648755+00:00 phase=running job=audit-m4-t512
2026-10-06T07:17:26.800035+00:00 phase=running job=audit-m4-t512
2026-10-06T07:17:41.910963+00:00 phase=running job=audit-m4-t512
2026-10-06T07:17:57.017367+00:00 phase=running job=audit-m4-t512
2026-10-06T07:18:12.126759+00:00 phase=running job=audit-m4-t512
2026-10-06T07:18:27.237391+00:00 phase=running job=audit-m4-t512
2026-10-06T07:18:42.326640+00:00 phase=running job=audit-m4-t512
2026-10-06T07:18:57.415718+00:00 phase=running job=audit-m4-t512
2026-10-06T07:19:12.501830+00:00 phase=running job=audit-m4-t512
2026-10-06T07:19:27.589455+00:00 phase=running job=audit-m4-t512
2026-10-06T07:19:42.702678+00:00 phase=running job=audit-m4-t512
2026-10-06T07:19:57.812773+00:00 phase=running job=audit-m4-t512
2026-10-06T07:20:12.926765+00:00 phase=running job=audit-m4-t512
2026-10-06T07:20:28.034733+00:00 phase=running job=audit-m4-t512
2026-10-06T07:20:43.142942+00:00 phase=running job=audit-m4-t512
2026-10-06T07:20:58.260757+00:00 phase=running job=audit-m4-t512
2026-10-06T07:21:13.370677+00:00 phase=running job=audit-m4-t512
2026-10-06T07:21:28.461401+00:00 phase=running job=audit-m4-t512
2026-10-06T07:21:43.573935+00:00 phase=running job=audit-m4-t512
2026-10-06T07:21:58.687107+00:00 phase=running job=audit-m4-t512
2026-10-06T07:22:13.795193+00:00 phase=running job=audit-m4-t512
2026-10-06T07:22:28.904493+00:00 phase=running job=audit-m4-t512
2026-10-06T07:22:43.992102+00:00 phase=running job=audit-m4-t512
2026-10-06T07:22:59.077838+00:00 phase=running job=audit-m4-t512
2026-10-06T07:23:14.171739+00:00 phase=running job=audit-m4-t512
2026-10-06T07:23:29.309793+00:00 phase=running job=audit-m4-t512
2026-10-06T07:23:44.419757+00:00 phase=running job=audit-m4-t512
2026-10-06T07:23:59.532300+00:00 phase=running job=audit-m4-t512
2026-10-06T07:24:14.645998+00:00 phase=running job=audit-m4-t512
2026-10-06T07:24:29.738806+00:00 phase=running job=audit-m4-t512
2026-10-06T07:24:44.830192+00:00 phase=running job=audit-m4-t512
2026-10-06T07:24:59.942793+00:00 phase=running job=audit-m4-t512
2026-10-06T07:25:15.039905+00:00 phase=running job=audit-m4-t512
2026-10-06T07:25:30.152517+00:00 phase=running job=audit-m4-t512
2026-10-06T07:25:45.250690+00:00 phase=running job=audit-m4-t512
2026-10-06T07:26:00.345861+00:00 phase=running job=audit-m4-t512
2026-10-06T07:26:15.457273+00:00 phase=running job=audit-m4-t512
2026-10-06T07:26:30.549766+00:00 phase=running job=audit-m4-t512
2026-10-06T07:26:45.647646+00:00 phase=running job=audit-m4-t512
2026-10-06T07:27:00.756066+00:00 phase=running job=audit-m4-t512
2026-10-06T07:27:15.864074+00:00 phase=running job=audit-m4-t512
2026-10-06T07:27:30.969075+00:00 phase=running job=audit-m4-t512
2026-10-06T07:27:46.080438+00:00 phase=running job=audit-m4-t512
2026-10-06T07:28:01.192221+00:00 phase=running job=audit-m4-t512
2026-10-06T07:28:16.300923+00:00 phase=running job=audit-m4-t512
2026-10-06T07:28:31.414145+00:00 phase=running job=audit-m4-t512
2026-10-06T07:28:46.503350+00:00 phase=running job=audit-m4-t512
2026-10-06T07:29:01.619721+00:00 phase=running job=audit-m4-t512
2026-10-06T07:29:16.728080+00:00 phase=running job=audit-m4-t512
2026-10-06T07:29:31.816161+00:00 phase=running job=audit-m4-t512
2026-10-06T07:29:46.924593+00:00 phase=running job=audit-m4-t512
2026-10-06T07:30:02.014947+00:00 phase=running job=audit-m4-t512
2026-10-06T07:30:17.103646+00:00 phase=running job=audit-m4-t512
2026-10-06T07:30:32.191606+00:00 phase=running job=audit-m4-t512
2026-10-06T07:30:47.279165+00:00 phase=running job=audit-m4-t512
2026-10-06T07:31:02.385400+00:00 phase=running job=audit-m4-t512
2026-10-06T07:31:17.475846+00:00 phase=running job=audit-m4-t512
2026-10-06T07:31:32.582168+00:00 phase=running job=audit-m4-t512
2026-10-06T07:31:47.671589+00:00 phase=running job=audit-m4-t512
2026-10-06T07:32:02.758891+00:00 phase=running job=audit-m4-t512
2026-10-06T07:32:17.847204+00:00 phase=running job=audit-m4-t512
2026-10-06T07:32:32.935752+00:00 phase=running job=audit-m4-t512
2026-10-06T07:32:48.042349+00:00 phase=running job=audit-m4-t512
2026-10-06T07:33:03.151167+00:00 phase=running job=audit-m4-t512
2026-10-06T07:33:18.240408+00:00 phase=running job=audit-m4-t512
2026-10-06T07:33:33.351203+00:00 phase=running job=audit-m4-t512
2026-10-06T07:33:48.482470+00:00 phase=running job=audit-m4-t512
2026-10-06T07:34:03.618747+00:00 phase=running job=audit-m4-t512
2026-10-06T07:34:18.718946+00:00 phase=running job=audit-m4-t512
2026-10-06T07:34:33.851978+00:00 phase=running job=audit-m4-t512
2026-10-06T07:34:48.966365+00:00 phase=running job=audit-m4-t512
2026-10-06T07:35:04.081421+00:00 phase=running job=audit-m4-t512
2026-10-06T07:35:19.215339+00:00 phase=running job=audit-m4-t512
2026-10-06T07:35:34.351250+00:00 phase=running job=audit-m4-t512
2026-10-06T07:35:49.481519+00:00 phase=running job=audit-m4-t512
2026-10-06T07:36:04.598088+00:00 phase=running job=audit-m4-t512
2026-10-06T07:36:19.818963+00:00 phase=running job=audit-m4-t512
2026-10-06T07:36:34.950858+00:00 phase=running job=audit-m4-t512
2026-10-06T07:36:50.062256+00:00 phase=running job=audit-m4-t512
2026-10-06T07:37:05.198132+00:00 phase=running job=audit-m4-t512
2026-10-06T07:37:20.313884+00:00 phase=running job=audit-m4-t512
2026-10-06T07:37:35.410737+00:00 phase=running job=audit-m4-t512
2026-10-06T07:37:50.526947+00:00 phase=running job=audit-m4-t512
2026-10-06T07:38:05.657506+00:00 phase=running job=audit-m4-t512
2026-10-06T07:38:20.767437+00:00 phase=running job=audit-m4-t512
2026-10-06T07:38:35.885335+00:00 phase=running job=audit-m4-t512
2026-10-06T07:38:51.007107+00:00 phase=running job=audit-m4-t512
2026-10-06T07:39:06.137264+00:00 phase=running job=audit-m4-t512
2026-10-06T07:39:21.231586+00:00 phase=running job=audit-m4-t512
2026-10-06T07:39:36.354451+00:00 phase=running job=audit-m4-t512
2026-10-06T07:39:51.464077+00:00 phase=running job=audit-m4-t512
2026-10-06T07:40:06.572730+00:00 phase=running job=audit-m4-t512
2026-10-06T07:40:21.675571+00:00 phase=running job=audit-m4-t512
2026-10-06T07:40:36.790416+00:00 phase=running job=audit-m4-t512
2026-10-06T07:40:51.924188+00:00 phase=running job=audit-m4-t512
2026-10-06T07:41:07.057302+00:00 phase=running job=audit-m4-t512
2026-10-06T07:41:22.195924+00:00 phase=running job=audit-m4-t512
2026-10-06T07:41:37.311253+00:00 phase=running job=audit-m4-t512
2026-10-06T07:41:52.446381+00:00 phase=running job=audit-m4-t512
2026-10-06T07:42:07.586914+00:00 phase=running job=audit-m4-t512
2026-10-06T07:42:22.715101+00:00 phase=running job=audit-m4-t512
2026-10-06T07:42:37.800950+00:00 phase=running job=audit-m4-t512
2026-10-06T07:42:52.913738+00:00 phase=running job=audit-m4-t512
2026-10-06T07:43:08.014194+00:00 phase=running job=audit-m4-t512
2026-10-06T07:43:23.163619+00:00 phase=running job=audit-m4-t512
2026-10-06T07:43:38.298822+00:00 phase=running job=audit-m4-t512
2026-10-06T07:43:53.387665+00:00 phase=running job=audit-m4-t512
2026-10-06T07:44:08.477580+00:00 phase=running job=audit-m4-t512
2026-10-06T07:44:23.592962+00:00 phase=running job=audit-m4-t512
2026-10-06T07:44:38.728719+00:00 phase=running job=audit-m4-t512
2026-10-06T07:44:53.840766+00:00 phase=running job=audit-m4-t512
2026-10-06T07:45:08.950664+00:00 phase=running job=audit-m4-t512
2026-10-06T07:45:24.081054+00:00 phase=running job=audit-m4-t512
2026-10-06T07:45:39.187979+00:00 phase=running job=audit-m4-t512
2026-10-06T07:45:54.313057+00:00 phase=running job=audit-m4-t512
2026-10-06T07:46:09.405661+00:00 phase=running job=audit-m4-t512
2026-10-06T07:46:24.514558+00:00 phase=running job=audit-m4-t512
2026-10-06T07:46:39.621365+00:00 phase=running job=audit-m4-t512
2026-10-06T07:46:54.727942+00:00 phase=running job=audit-m4-t512
2026-10-06T07:47:09.854901+00:00 phase=running job=audit-m4-t512
2026-10-06T07:47:24.987360+00:00 phase=running job=audit-m4-t512
2026-10-06T07:47:40.073758+00:00 phase=running job=audit-m4-t512
2026-10-06T07:47:55.184078+00:00 phase=running job=audit-m4-t512
2026-10-06T07:48:10.290569+00:00 phase=running job=audit-m4-t512
2026-10-06T07:48:25.391116+00:00 phase=running job=audit-m4-t512
2026-10-06T07:48:40.501282+00:00 phase=running job=audit-m4-t512
2026-10-06T07:48:55.629722+00:00 phase=running job=audit-m4-t512
2026-10-06T07:49:10.724926+00:00 phase=running job=audit-m4-t512
2026-10-06T07:49:25.821624+00:00 phase=running job=audit-m4-t512
2026-10-06T07:49:40.915749+00:00 phase=running job=audit-m4-t512
2026-10-06T07:49:56.030577+00:00 phase=running job=audit-m4-t512
2026-10-06T07:50:11.125679+00:00 phase=running job=audit-m4-t512
2026-10-06T07:50:26.225280+00:00 phase=running job=audit-m4-t512
2026-10-06T07:50:41.342994+00:00 phase=running job=audit-m4-t512
2026-10-06T07:50:56.440117+00:00 phase=running job=audit-m4-t512
2026-10-06T07:51:11.530773+00:00 phase=running job=audit-m4-t512
2026-10-06T07:51:26.625259+00:00 phase=running job=audit-m4-t512
2026-10-06T07:51:41.755470+00:00 phase=running job=audit-m4-t512
2026-10-06T07:51:56.865078+00:00 phase=running job=audit-m4-t512
2026-10-06T07:52:11.976951+00:00 phase=running job=audit-m4-t512
2026-10-06T07:52:27.114260+00:00 phase=running job=audit-m4-t512
2026-10-06T07:52:42.226832+00:00 phase=running job=audit-m4-t512
2026-10-06T07:52:57.338667+00:00 phase=running job=audit-m4-t512
2026-10-06T07:53:12.466352+00:00 phase=running job=audit-m4-t512
2026-10-06T07:53:27.596101+00:00 phase=running job=audit-m4-t512
2026-10-06T07:53:42.709190+00:00 phase=running job=audit-m4-t512
2026-10-06T07:53:57.824947+00:00 phase=running job=audit-m4-t512
2026-10-06T07:54:12.916638+00:00 phase=running job=audit-m4-t512
2026-10-06T07:54:28.045092+00:00 phase=running job=audit-m4-t512
2026-10-06T07:54:43.161768+00:00 phase=running job=audit-m4-t512
2026-10-06T07:54:58.272195+00:00 phase=running job=audit-m4-t512
2026-10-06T07:55:13.379907+00:00 phase=running job=audit-m4-t512
2026-10-06T07:55:28.497464+00:00 phase=running job=audit-m4-t512
2026-10-06T07:55:43.633772+00:00 phase=running job=audit-m4-t512
2026-10-06T07:55:58.764828+00:00 phase=running job=audit-m4-t512
2026-10-06T07:56:13.881553+00:00 phase=running job=audit-m4-t512
2026-10-06T07:56:29.010709+00:00 phase=running job=audit-m4-t512
2026-10-06T07:56:44.159021+00:00 phase=running job=audit-m4-t512
2026-10-06T07:56:59.290695+00:00 phase=running job=audit-m4-t512
2026-10-06T07:57:14.416081+00:00 phase=running job=audit-m4-t512
2026-10-06T07:57:29.521107+00:00 phase=running job=audit-m4-t512
2026-10-06T07:57:44.629988+00:00 phase=running job=audit-m4-t512
2026-10-06T07:57:59.735677+00:00 phase=running job=audit-m4-t512
2026-10-06T07:58:14.862663+00:00 phase=running job=audit-m4-t512
2026-10-06T07:58:29.987327+00:00 phase=running job=audit-m4-t512
2026-10-06T07:58:45.076261+00:00 phase=running job=audit-m4-t512
2026-10-06T07:59:00.186899+00:00 phase=running job=audit-m4-t512
2026-10-06T07:59:15.307480+00:00 phase=running job=audit-m4-t512
2026-10-06T07:59:30.396337+00:00 phase=running job=audit-m4-t512
2026-10-06T07:59:45.519803+00:00 phase=running job=audit-m4-t512
2026-10-06T08:00:00.620564+00:00 phase=running job=audit-m4-t512
2026-10-06T08:00:15.709782+00:00 phase=running job=audit-m4-t512
2026-10-06T08:00:30.822245+00:00 phase=running job=audit-m4-t512
2026-10-06T08:00:45.933303+00:00 phase=running job=audit-m4-t512
2026-10-06T08:01:01.026610+00:00 phase=running job=audit-m4-t512
2026-10-06T08:01:16.140330+00:00 phase=running job=audit-m4-t512
2026-10-06T08:01:31.314075+00:00 phase=running job=audit-m4-t512
2026-10-06T08:01:46.408634+00:00 phase=running job=audit-m4-t512
2026-10-06T08:02:01.538828+00:00 phase=running job=audit-m4-t512
2026-10-06T08:02:16.651643+00:00 phase=running job=audit-m4-t512
2026-10-06T08:02:31.781418+00:00 phase=running job=audit-m4-t512
2026-10-06T08:02:46.910235+00:00 phase=running job=audit-m4-t512
2026-10-06T08:03:02.032942+00:00 phase=running job=audit-m4-t512
2026-10-06T08:03:17.168314+00:00 phase=running job=audit-m4-t512
2026-10-06T08:03:32.298232+00:00 phase=running job=audit-m4-t512
2026-10-06T08:03:47.434278+00:00 phase=running job=audit-m4-t512
2026-10-06T08:04:02.524047+00:00 phase=running job=audit-m4-t512
2026-10-06T08:04:17.685032+00:00 phase=running job=audit-m4-t512
2026-10-06T08:04:32.801293+00:00 phase=running job=audit-m4-t512
2026-10-06T08:04:47.946128+00:00 phase=running job=audit-m4-t512
2026-10-06T08:05:03.038014+00:00 phase=running job=audit-m4-t512
2026-10-06T08:05:18.157431+00:00 phase=running job=audit-m4-t512
2026-10-06T08:05:33.282098+00:00 phase=running job=audit-m4-t512
2026-10-06T08:05:48.371661+00:00 phase=running job=audit-m4-t512
2026-10-06T08:06:03.501494+00:00 phase=running job=audit-m4-t512
2026-10-06T08:06:18.614266+00:00 phase=running job=audit-m4-t512
2026-10-06T08:06:33.704451+00:00 phase=running job=audit-m4-t512
2026-10-06T08:06:48.844485+00:00 phase=running job=audit-m4-t512
2026-10-06T08:07:03.973557+00:00 phase=running job=audit-m4-t512
2026-10-06T08:07:19.083875+00:00 phase=running job=audit-m4-t512
2026-10-06T08:07:34.232534+00:00 phase=running job=audit-m4-t512
2026-10-06T08:07:49.404866+00:00 phase=running job=audit-m4-t512
2026-10-06T08:08:04.533512+00:00 phase=running job=audit-m4-t512
2026-10-06T08:08:19.624074+00:00 phase=running job=audit-m4-t512
2026-10-06T08:08:34.731988+00:00 phase=running job=audit-m4-t512
2026-10-06T08:08:49.840654+00:00 phase=running job=audit-m4-t512
2026-10-06T08:09:04.952907+00:00 phase=running job=audit-m4-t512
2026-10-06T08:09:20.079406+00:00 phase=running job=audit-m4-t512
2026-10-06T08:09:35.206799+00:00 phase=running job=audit-m4-t512
2026-10-06T08:09:50.314718+00:00 phase=running job=audit-m4-t512
2026-10-06T08:10:05.424200+00:00 phase=running job=audit-m4-t512
2026-10-06T08:10:20.539027+00:00 phase=running job=audit-m4-t512
2026-10-06T08:10:35.662041+00:00 phase=running job=audit-m4-t512
2026-10-06T08:10:50.755596+00:00 phase=running job=audit-m4-t512
2026-10-06T08:11:05.867016+00:00 phase=running job=audit-m4-t512
2026-10-06T08:11:20.979444+00:00 phase=running job=audit-m4-t512
2026-10-06T08:11:36.114580+00:00 phase=running job=audit-m4-t512
2026-10-06T08:11:51.242265+00:00 phase=running job=audit-m4-t512
2026-10-06T08:12:06.359507+00:00 phase=running job=audit-m4-t512
2026-10-06T08:12:21.491367+00:00 phase=running job=audit-m4-t512
2026-10-06T08:12:36.668436+00:00 phase=running job=audit-m4-t512
2026-10-06T08:12:51.774298+00:00 phase=running job=audit-m4-t512
2026-10-06T08:13:06.884698+00:00 phase=running job=audit-m4-t512
2026-10-06T08:13:22.010137+00:00 phase=running job=audit-m4-t512
2026-10-06T08:13:37.100409+00:00 phase=running job=audit-m4-t512
2026-10-06T08:13:52.223727+00:00 phase=running job=audit-m4-t512
2026-10-06T08:14:07.312455+00:00 phase=running job=audit-m4-t512
2026-10-06T08:14:22.441163+00:00 phase=running job=audit-m4-t512
2026-10-06T08:14:37.556750+00:00 phase=running job=audit-m4-t512
2026-10-06T08:14:52.690758+00:00 phase=running job=audit-m4-t512
2026-10-06T08:15:07.821205+00:00 phase=running job=audit-m4-t512
2026-10-06T08:15:22.929113+00:00 phase=running job=audit-m4-t512
2026-10-06T08:15:38.059410+00:00 phase=running job=audit-m4-t512
2026-10-06T08:15:53.195089+00:00 phase=running job=audit-m4-t512
2026-10-06T08:16:08.303783+00:00 phase=running job=audit-m4-t512
2026-10-06T08:16:23.431730+00:00 phase=running job=audit-m4-t512
2026-10-06T08:16:38.539069+00:00 phase=running job=audit-m4-t512
2026-10-06T08:16:53.670576+00:00 phase=running job=audit-m4-t512
2026-10-06T08:17:08.806067+00:00 phase=running job=audit-m4-t512
2026-10-06T08:17:23.998811+00:00 phase=running job=audit-m4-t512
2026-10-06T08:17:39.129503+00:00 phase=running job=audit-m4-t512
2026-10-06T08:17:54.259091+00:00 phase=running job=audit-m4-t512
2026-10-06T08:18:09.391322+00:00 phase=running job=audit-m4-t512
2026-10-06T08:18:24.508058+00:00 phase=running job=audit-m4-t512
2026-10-06T08:18:39.642664+00:00 phase=running job=audit-m4-t512
2026-10-06T08:18:54.772533+00:00 phase=running job=audit-m4-t512
2026-10-06T08:19:09.899079+00:00 phase=running job=audit-m4-t512
2026-10-06T08:19:24.993723+00:00 phase=running job=audit-m4-t512
2026-10-06T08:19:40.108287+00:00 phase=running job=audit-m4-t512
2026-10-06T08:19:55.222270+00:00 phase=running job=audit-m4-t512
2026-10-06T08:20:10.313974+00:00 phase=running job=audit-m4-t512
2026-10-06T08:20:25.424330+00:00 phase=running job=audit-m4-t512
2026-10-06T08:20:40.548484+00:00 phase=running job=audit-m4-t512
2026-10-06T08:20:55.636499+00:00 phase=running job=audit-m4-t512
2026-10-06T08:21:10.742080+00:00 phase=running job=audit-m4-t512
2026-10-06T08:21:25.853381+00:00 phase=running job=audit-m4-t512
2026-10-06T08:21:40.988854+00:00 phase=running job=audit-m4-t512
2026-10-06T08:21:56.097938+00:00 phase=running job=audit-m4-t512
2026-10-06T08:22:11.237731+00:00 phase=running job=audit-m4-t512
2026-10-06T08:22:26.355870+00:00 phase=running job=audit-m4-t512
2026-10-06T08:22:41.468928+00:00 phase=running job=audit-m4-t512
2026-10-06T08:22:56.583013+00:00 phase=running job=audit-m4-t512
2026-10-06T08:23:11.689719+00:00 phase=running job=audit-m4-t512
2026-10-06T08:23:26.779887+00:00 phase=running job=audit-m4-t512
2026-10-06T08:23:41.905743+00:00 phase=running job=audit-m4-t512
2026-10-06T08:23:57.039084+00:00 phase=running job=audit-m4-t512
2026-10-06T08:24:12.130653+00:00 phase=running job=audit-m4-t512
2026-10-06T08:24:27.262093+00:00 phase=running job=audit-m4-t512
2026-10-06T08:24:42.412793+00:00 phase=running job=audit-m4-t512
2026-10-06T08:24:57.502858+00:00 phase=running job=audit-m4-t512
2026-10-06T08:25:12.630104+00:00 phase=running job=audit-m4-t512
2026-10-06T08:25:27.775759+00:00 phase=running job=audit-m4-t512
2026-10-06T08:25:42.885156+00:00 phase=running job=audit-m4-t512
2026-10-06T08:25:58.064251+00:00 phase=running job=audit-m4-t512
2026-10-06T08:26:13.173836+00:00 phase=running job=audit-m4-t512
2026-10-06T08:26:28.311905+00:00 phase=running job=audit-m4-t512
2026-10-06T08:26:43.418732+00:00 phase=running job=audit-m4-t512
2026-10-06T08:26:58.545159+00:00 phase=running job=audit-m4-t512
2026-10-06T08:27:13.639420+00:00 phase=running job=audit-m4-t512
2026-10-06T08:27:28.745591+00:00 phase=running job=audit-m4-t512
2026-10-06T08:27:43.883280+00:00 phase=running job=audit-m4-t512
2026-10-06T08:27:59.014385+00:00 phase=running job=audit-m4-t512
2026-10-06T08:28:14.128855+00:00 phase=running job=audit-m4-t512
2026-10-06T08:28:29.222054+00:00 phase=running job=audit-m4-t512
2026-10-06T08:28:44.311348+00:00 phase=running job=audit-m4-t512
2026-10-06T08:28:59.418785+00:00 phase=running job=audit-m4-t512
2026-10-06T08:29:14.504642+00:00 phase=running job=audit-m4-t512
2026-10-06T08:29:29.596499+00:00 phase=running job=audit-m4-t512
2026-10-06T08:29:44.686758+00:00 phase=running job=audit-m4-t512
2026-10-06T08:29:59.776080+00:00 phase=running job=audit-m4-t512
2026-10-06T08:30:14.868165+00:00 phase=running job=audit-m4-t512
2026-10-06T08:30:29.973742+00:00 phase=running job=audit-m4-t512
2026-10-06T08:30:45.079588+00:00 phase=running job=audit-m4-t512
2026-10-06T08:31:00.211414+00:00 phase=running job=audit-m4-t512
2026-10-06T08:31:15.320265+00:00 phase=running job=audit-m4-t512
2026-10-06T08:31:30.428365+00:00 phase=running job=audit-m4-t512
2026-10-06T08:31:45.558237+00:00 phase=running job=audit-m4-t512
2026-10-06T08:32:00.702895+00:00 phase=running job=audit-m4-t512
2026-10-06T08:32:15.835029+00:00 phase=running job=audit-m4-t512
2026-10-06T08:32:30.948426+00:00 phase=running job=audit-m4-t512
2026-10-06T08:32:46.079726+00:00 phase=running job=audit-m4-t512
2026-10-06T08:33:01.214275+00:00 phase=running job=audit-m4-t512
2026-10-06T08:33:16.367242+00:00 phase=running job=audit-m4-t512
2026-10-06T08:33:31.468418+00:00 phase=running job=audit-m4-t512
2026-10-06T08:33:46.591981+00:00 phase=running job=audit-m4-t512
2026-10-06T08:34:01.698446+00:00 phase=running job=audit-m4-t512
2026-10-06T08:34:16.808437+00:00 phase=running job=audit-m4-t512
2026-10-06T08:34:31.917575+00:00 phase=running job=audit-m4-t512
2026-10-06T08:34:47.035797+00:00 phase=running job=audit-m4-t512
2026-10-06T08:35:02.128022+00:00 phase=running job=audit-m4-t512
2026-10-06T08:35:17.239621+00:00 phase=running job=audit-m4-t512
2026-10-06T08:35:32.333209+00:00 phase=running job=audit-m4-t512
2026-10-06T08:35:47.445431+00:00 phase=running job=audit-m4-t512
2026-10-06T08:36:02.537315+00:00 phase=running job=audit-m4-t512
2026-10-06T08:36:17.651611+00:00 phase=running job=audit-m4-t512
2026-10-06T08:36:32.739920+00:00 phase=running job=audit-m4-t512
2026-10-06T08:36:47.825397+00:00 phase=running job=audit-m4-t512
2026-10-06T08:37:02.917203+00:00 phase=running job=audit-m4-t512
2026-10-06T08:37:18.044535+00:00 phase=running job=audit-m4-t512
2026-10-06T08:37:33.131759+00:00 phase=running job=audit-m4-t512
2026-10-06T08:37:48.238049+00:00 phase=running job=audit-m4-t512
2026-10-06T08:38:03.349812+00:00 phase=running job=audit-m4-t512
2026-10-06T08:38:18.476333+00:00 phase=running job=audit-m4-t512
2026-10-06T08:38:33.592488+00:00 phase=running job=audit-m4-t512
2026-10-06T08:38:48.709831+00:00 phase=running job=audit-m4-t512
2026-10-06T08:39:03.803913+00:00 phase=running job=audit-m4-t512
2026-10-06T08:39:18.916815+00:00 phase=running job=audit-m4-t512
2026-10-06T08:39:34.037445+00:00 phase=running job=audit-m4-t512
2026-10-06T08:39:49.129732+00:00 phase=running job=audit-m4-t512
2026-10-06T08:40:04.259986+00:00 phase=running job=audit-m4-t512
2026-10-06T08:40:19.391810+00:00 phase=running job=audit-m4-t512
2026-10-06T08:40:34.480618+00:00 phase=running job=audit-m4-t512
2026-10-06T08:40:49.591164+00:00 phase=running job=audit-m4-t512
2026-10-06T08:41:04.720505+00:00 phase=running job=audit-m4-t512
2026-10-06T08:41:19.826166+00:00 phase=running job=audit-m4-t512
2026-10-06T08:41:34.955323+00:00 phase=running job=audit-m4-t512
2026-10-06T08:41:50.050536+00:00 phase=running job=audit-m4-t512
2026-10-06T08:42:05.148598+00:00 phase=running job=audit-m4-t512
2026-10-06T08:42:20.237490+00:00 phase=running job=audit-m4-t512
2026-10-06T08:42:35.329577+00:00 phase=running job=audit-m4-t512
2026-10-06T08:42:50.421492+00:00 phase=running job=audit-m4-t512
2026-10-06T08:43:05.541010+00:00 phase=running job=audit-m4-t512
2026-10-06T08:43:20.635943+00:00 phase=running job=audit-m4-t512
2026-10-06T08:43:35.745999+00:00 phase=running job=audit-m4-t512
2026-10-06T08:43:50.876884+00:00 phase=running job=audit-m4-t512
2026-10-06T08:44:06.001170+00:00 phase=running job=audit-m4-t512
2026-10-06T08:44:21.109954+00:00 phase=running job=audit-m4-t512
2026-10-06T08:44:36.220776+00:00 phase=running job=audit-m4-t512
2026-10-06T08:44:51.331665+00:00 phase=running job=audit-m4-t512
2026-10-06T08:45:06.443101+00:00 phase=running job=audit-m4-t512
2026-10-06T08:45:21.550910+00:00 phase=running job=audit-m4-t512
2026-10-06T08:45:36.660929+00:00 phase=running job=audit-m4-t512
2026-10-06T08:45:51.768181+00:00 phase=running job=audit-m4-t512
2026-10-06T08:46:06.855938+00:00 phase=running job=audit-m4-t512
2026-10-06T08:46:21.943834+00:00 phase=running job=audit-m4-t512
2026-10-06T08:46:37.029803+00:00 phase=running job=audit-m4-t512
2026-10-06T08:46:52.142039+00:00 phase=running job=audit-m4-t512
2026-10-06T08:47:07.254810+00:00 phase=running job=audit-m4-t512
2026-10-06T08:47:22.364754+00:00 phase=running job=audit-m4-t512
2026-10-06T08:47:37.493603+00:00 phase=running job=audit-m4-t512
2026-10-06T08:47:52.608578+00:00 phase=running job=audit-m4-t512
2026-10-06T08:48:07.721698+00:00 phase=running job=audit-m4-t512
2026-10-06T08:48:22.842076+00:00 phase=running job=audit-m4-t512
2026-10-06T08:48:37.938986+00:00 phase=running job=audit-m4-t512
2026-10-06T08:48:53.050699+00:00 phase=running job=audit-m4-t512
2026-10-06T08:49:08.146230+00:00 phase=running job=audit-m4-t512
2026-10-06T08:49:23.242937+00:00 phase=running job=audit-m4-t512
2026-10-06T08:49:38.356382+00:00 phase=running job=audit-m4-t512
2026-10-06T08:49:53.448267+00:00 phase=running job=audit-m4-t512
2026-10-06T08:50:08.537410+00:00 phase=running job=audit-m4-t512
2026-10-06T08:50:23.628751+00:00 phase=running job=audit-m4-t512
2026-10-06T08:50:38.739378+00:00 phase=running job=audit-m4-t512
2026-10-06T08:50:53.827943+00:00 phase=running job=audit-m4-t512
2026-10-06T08:51:08.935031+00:00 phase=running job=audit-m4-t512
2026-10-06T08:51:24.045486+00:00 phase=running job=audit-m4-t512
2026-10-06T08:51:39.138986+00:00 phase=running job=audit-m4-t512
2026-10-06T08:51:54.269084+00:00 phase=running job=audit-m4-t512
2026-10-06T08:52:09.402561+00:00 phase=running job=audit-m4-t512
2026-10-06T08:52:24.519272+00:00 phase=running job=audit-m4-t512
2026-10-06T08:52:39.628073+00:00 phase=running job=audit-m4-t512
2026-10-06T08:52:54.741361+00:00 phase=running job=audit-m4-t512
2026-10-06T08:53:09.853761+00:00 phase=running job=audit-m4-t512
2026-10-06T08:53:24.963294+00:00 phase=running job=audit-m4-t512
2026-10-06T08:53:40.055678+00:00 phase=running job=audit-m4-t512
2026-10-06T08:53:55.169918+00:00 phase=running job=audit-m4-t512
2026-10-06T08:54:10.282064+00:00 phase=running job=audit-m4-t512
2026-10-06T08:54:25.393806+00:00 phase=running job=audit-m4-t512
2026-10-06T08:54:40.501091+00:00 phase=running job=audit-m4-t512
2026-10-06T08:54:55.629440+00:00 phase=running job=audit-m4-t512
2026-10-06T08:55:10.743848+00:00 phase=running job=audit-m4-t512
2026-10-06T08:55:25.856452+00:00 phase=running job=audit-m4-t512
2026-10-06T08:55:40.948400+00:00 phase=running job=audit-m4-t512
2026-10-06T08:55:56.061261+00:00 phase=running job=audit-m4-t512
2026-10-06T08:56:11.189324+00:00 phase=running job=audit-m4-t512
2026-10-06T08:56:26.316348+00:00 phase=running job=audit-m4-t512
2026-10-06T08:56:41.428142+00:00 phase=running job=audit-m4-t512
2026-10-06T08:56:56.554601+00:00 phase=running job=audit-m4-t512
2026-10-06T08:57:11.664956+00:00 phase=running job=audit-m4-t512
2026-10-06T08:57:26.777406+00:00 phase=running job=audit-m4-t512
2026-10-06T08:57:41.868472+00:00 phase=running job=audit-m4-t512
2026-10-06T08:57:56.960722+00:00 phase=running job=audit-m4-t512
2026-10-06T08:58:12.052180+00:00 phase=running job=audit-m4-t512
2026-10-06T08:58:27.164135+00:00 phase=running job=audit-m4-t512
2026-10-06T08:58:42.279538+00:00 phase=running job=audit-m4-t512
2026-10-06T08:58:57.378834+00:00 phase=running job=audit-m4-t512
2026-10-06T08:59:12.494672+00:00 phase=running job=audit-m4-t512
2026-10-06T08:59:27.613128+00:00 phase=running job=audit-m4-t512
2026-10-06T08:59:42.726971+00:00 phase=running job=audit-m4-t512
2026-10-06T08:59:57.818553+00:00 phase=running job=audit-m4-t512
2026-10-06T09:00:12.913657+00:00 phase=running job=audit-m4-t512
2026-10-06T09:00:28.049750+00:00 phase=running job=audit-m4-t512
2026-10-06T09:00:43.155274+00:00 phase=running job=audit-m4-t512
2026-10-06T09:00:58.246894+00:00 phase=running job=audit-m4-t512
2026-10-06T09:01:13.359284+00:00 phase=running job=audit-m4-t512
2026-10-06T09:01:28.465016+00:00 phase=running job=audit-m4-t512
2026-10-06T09:01:43.577052+00:00 phase=running job=audit-m4-t512
2026-10-06T09:01:58.687880+00:00 phase=running job=audit-m4-t512
2026-10-06T09:02:13.776331+00:00 phase=running job=audit-m4-t512
2026-10-06T09:02:28.887430+00:00 phase=running job=audit-m4-t512
2026-10-06T09:02:43.994860+00:00 phase=running job=audit-m4-t512
2026-10-06T09:02:59.084652+00:00 phase=running job=audit-m4-t512
2026-10-06T09:03:14.170173+00:00 phase=running job=audit-m4-t512
2026-10-06T09:03:29.263335+00:00 phase=running job=audit-m4-t512
2026-10-06T09:03:44.373126+00:00 phase=running job=audit-m4-t512
2026-10-06T09:03:59.490146+00:00 phase=running job=audit-m4-t512
2026-10-06T09:04:14.621981+00:00 phase=running job=audit-m4-t512
2026-10-06T09:04:29.719551+00:00 phase=running job=audit-m4-t512
2026-10-06T09:04:44.828120+00:00 phase=running job=audit-m4-t512
2026-10-06T09:04:59.940266+00:00 phase=running job=audit-m4-t512
2026-10-06T09:05:15.067188+00:00 phase=running job=audit-m4-t512
2026-10-06T09:05:30.187348+00:00 phase=running job=audit-m4-t512
2026-10-06T09:05:45.283993+00:00 phase=running job=audit-m4-t512
2026-10-06T09:06:00.376479+00:00 phase=running job=audit-m4-t512
2026-10-06T09:06:15.488670+00:00 phase=running job=audit-m4-t512
2026-10-06T09:06:30.601556+00:00 phase=running job=audit-m4-t512
2026-10-06T09:06:45.692063+00:00 phase=running job=audit-m4-t512
2026-10-06T09:07:00.783372+00:00 phase=running job=audit-m4-t512
2026-10-06T09:07:15.892327+00:00 phase=running job=audit-m4-t512
2026-10-06T09:07:30.998371+00:00 phase=running job=audit-m4-t512
2026-10-06T09:07:46.124349+00:00 phase=running job=audit-m4-t512
2026-10-06T09:08:01.212980+00:00 phase=running job=audit-m4-t512
2026-10-06T09:08:16.320818+00:00 phase=running job=audit-m4-t512
2026-10-06T09:08:31.432065+00:00 phase=running job=audit-m4-t512
2026-10-06T09:08:46.540907+00:00 phase=running job=audit-m4-t512
2026-10-06T09:09:01.646369+00:00 phase=running job=audit-m4-t512
2026-10-06T09:09:16.736986+00:00 phase=running job=audit-m4-t512
2026-10-06T09:09:31.855907+00:00 phase=running job=audit-m4-t512
2026-10-06T09:09:46.960482+00:00 phase=running job=audit-m4-t512
2026-10-06T09:10:02.073282+00:00 phase=running job=audit-m4-t512
2026-10-06T09:10:17.208399+00:00 phase=running job=audit-m4-t512
2026-10-06T09:10:32.318989+00:00 phase=running job=audit-m4-t512
2026-10-06T09:10:47.427872+00:00 phase=running job=audit-m4-t512
2026-10-06T09:11:02.521984+00:00 phase=running job=audit-m4-t512
2026-10-06T09:11:17.641958+00:00 phase=running job=audit-m4-t512
2026-10-06T09:11:32.756847+00:00 phase=running job=audit-m4-t512
2026-10-06T09:11:47.850989+00:00 phase=running job=audit-m4-t512
2026-10-06T09:12:02.967091+00:00 phase=running job=audit-m4-t512
2026-10-06T09:12:18.061454+00:00 phase=running job=audit-m4-t512
2026-10-06T09:12:33.159329+00:00 phase=running job=audit-m4-t512
2026-10-06T09:12:48.252555+00:00 phase=running job=audit-m4-t512
2026-10-06T09:13:03.366695+00:00 phase=running job=audit-m4-t512
2026-10-06T09:13:18.478912+00:00 phase=running job=audit-m4-t512
2026-10-06T09:13:33.575223+00:00 phase=running job=audit-m4-t512
2026-10-06T09:13:48.678416+00:00 phase=running job=audit-m4-t512
2026-10-06T09:14:03.790856+00:00 phase=running job=audit-m4-t512
2026-10-06T09:14:18.896120+00:00 phase=running job=audit-m4-t512
2026-10-06T09:14:34.007583+00:00 phase=running job=audit-m4-t512
2026-10-06T09:14:49.112339+00:00 phase=running job=audit-m4-t512
2026-10-06T09:15:04.199647+00:00 phase=running job=audit-m4-t512
2026-10-06T09:15:19.306057+00:00 phase=running job=audit-m4-t512
2026-10-06T09:15:34.415309+00:00 phase=running job=audit-m4-t512
2026-10-06T09:15:49.523008+00:00 phase=running job=audit-m4-t512
2026-10-06T09:16:04.639968+00:00 phase=running job=audit-m4-t512
2026-10-06T09:16:19.736865+00:00 phase=running job=audit-m4-t512
2026-10-06T09:16:34.833129+00:00 phase=running job=audit-m4-t512
2026-10-06T09:16:49.946820+00:00 phase=running job=audit-m4-t512
2026-10-06T09:17:05.061105+00:00 phase=running job=audit-m4-t512
2026-10-06T09:17:20.194162+00:00 phase=running job=audit-m4-t512
2026-10-06T09:17:35.307087+00:00 phase=running job=audit-m4-t512
2026-10-06T09:17:50.418862+00:00 phase=running job=audit-m4-t512
2026-10-06T09:18:05.514196+00:00 phase=running job=audit-m4-t512
2026-10-06T09:18:20.624375+00:00 phase=running job=audit-m4-t512
2026-10-06T09:18:35.740321+00:00 phase=running job=audit-m4-t512
2026-10-06T09:18:50.855549+00:00 phase=running job=audit-m4-t512
2026-10-06T09:19:05.964833+00:00 phase=running job=audit-m4-t512
2026-10-06T09:19:21.077299+00:00 phase=running job=audit-m4-t512
2026-10-06T09:19:36.189439+00:00 phase=running job=audit-m4-t512
2026-10-06T09:19:51.284151+00:00 phase=running job=audit-m4-t512
2026-10-06T09:20:06.414738+00:00 phase=running job=audit-m4-t512
2026-10-06T09:20:21.526895+00:00 phase=running job=audit-m4-t512
2026-10-06T09:20:36.616222+00:00 phase=running job=audit-m4-t512
2026-10-06T09:20:51.715660+00:00 phase=running job=audit-m4-t512
2026-10-06T09:21:06.809246+00:00 phase=running job=audit-m4-t512
2026-10-06T09:21:21.939910+00:00 phase=running job=audit-m4-t512
2026-10-06T09:21:37.050348+00:00 phase=running job=audit-m4-t512
2026-10-06T09:21:52.178510+00:00 phase=running job=audit-m4-t512
2026-10-06T09:22:07.265622+00:00 phase=running job=audit-m4-t512
2026-10-06T09:22:22.397083+00:00 phase=running job=audit-m4-t512
2026-10-06T09:22:37.491908+00:00 phase=running job=audit-m4-t512
2026-10-06T09:22:52.587856+00:00 phase=running job=audit-m4-t512
2026-10-06T09:23:07.707465+00:00 phase=running job=audit-m4-t512
2026-10-06T09:23:22.825083+00:00 phase=running job=audit-m4-t512
2026-10-06T09:23:37.919237+00:00 phase=running job=audit-m4-t512
2026-10-06T09:23:53.034617+00:00 phase=running job=audit-m4-t512
2026-10-06T09:24:08.123430+00:00 phase=running job=audit-m4-t512
2026-10-06T09:24:23.252854+00:00 phase=running job=audit-m4-t512
2026-10-06T09:24:38.359540+00:00 phase=running job=audit-m4-t512
2026-10-06T09:24:53.466543+00:00 phase=running job=audit-m4-t512
2026-10-06T09:25:08.555751+00:00 phase=running job=audit-m4-t512
2026-10-06T09:25:23.644181+00:00 phase=running job=audit-m4-t512
2026-10-06T09:25:38.768988+00:00 phase=running job=audit-m4-t512
2026-10-06T09:25:53.880128+00:00 phase=running job=audit-m4-t512
2026-10-06T09:26:08.969282+00:00 phase=running job=audit-m4-t512
2026-10-06T09:26:24.080206+00:00 phase=running job=audit-m4-t512
2026-10-06T09:26:39.190036+00:00 phase=running job=audit-m4-t512
2026-10-06T09:26:54.282774+00:00 phase=running job=audit-m4-t512
2026-10-06T09:27:09.372544+00:00 phase=running job=audit-m4-t512
2026-10-06T09:27:24.487723+00:00 phase=running job=audit-m4-t512
2026-10-06T09:27:39.651717+00:00 phase=running job=audit-m4-t512
2026-10-06T09:27:54.762888+00:00 phase=running job=audit-m4-t512
2026-10-06T09:28:09.853605+00:00 phase=running job=audit-m4-t512
2026-10-06T09:28:24.972528+00:00 phase=running job=audit-m4-t512
2026-10-06T09:28:40.065471+00:00 phase=running job=audit-m4-t512
2026-10-06T09:28:55.156163+00:00 phase=running job=audit-m4-t512
2026-10-06T09:29:10.277810+00:00 phase=running job=audit-m4-t512
2026-10-06T09:29:25.387171+00:00 phase=running job=audit-m4-t512
2026-10-06T09:29:40.529884+00:00 phase=running job=audit-m4-t512
2026-10-06T09:29:55.624881+00:00 phase=running job=audit-m4-t512
2026-10-06T09:30:10.759560+00:00 phase=running job=audit-m4-t512
2026-10-06T09:30:25.873644+00:00 phase=running job=audit-m4-t512
2026-10-06T09:30:40.962136+00:00 phase=running job=audit-m4-t512
2026-10-06T09:30:56.072012+00:00 phase=running job=audit-m4-t512
2026-10-06T09:31:11.182410+00:00 phase=running job=audit-m4-t512
2026-10-06T09:31:26.295366+00:00 phase=running job=audit-m4-t512
2026-10-06T09:31:41.385535+00:00 phase=running job=audit-m4-t512
2026-10-06T09:31:56.476089+00:00 phase=running job=audit-m4-t512
2026-10-06T09:32:11.563881+00:00 phase=running job=audit-m4-t512
2026-10-06T09:32:26.670806+00:00 phase=running job=audit-m4-t512
2026-10-06T09:32:41.759222+00:00 phase=running job=audit-m4-t512
2026-10-06T09:32:56.853504+00:00 phase=running job=audit-m4-t512
2026-10-06T09:33:11.974890+00:00 phase=running job=audit-m4-t512
2026-10-06T09:33:27.089595+00:00 phase=running job=audit-m4-t512
2026-10-06T09:33:42.179414+00:00 phase=running job=audit-m4-t512
2026-10-06T09:33:57.294878+00:00 phase=running job=audit-m4-t512
2026-10-06T09:34:12.408135+00:00 phase=running job=audit-m4-t512
2026-10-06T09:34:27.502816+00:00 phase=running job=audit-m4-t512
2026-10-06T09:34:42.617941+00:00 phase=running job=audit-m4-t512
2026-10-06T09:34:57.729224+00:00 phase=running job=audit-m4-t512
2026-10-06T09:35:12.857712+00:00 phase=running job=audit-m4-t512
2026-10-06T09:35:27.974534+00:00 phase=running job=audit-m4-t512
2026-10-06T09:35:43.108518+00:00 phase=running job=audit-m4-t512
2026-10-06T09:35:58.215589+00:00 phase=running job=audit-m4-t512
2026-10-06T09:36:13.303298+00:00 phase=running job=audit-m4-t512
2026-10-06T09:36:28.412570+00:00 phase=running job=audit-m4-t512
2026-10-06T09:36:43.532650+00:00 phase=running job=audit-m4-t512
2026-10-06T09:36:58.650725+00:00 phase=running job=audit-m4-t512
2026-10-06T09:37:13.778230+00:00 phase=running job=audit-m4-t512
2026-10-06T09:37:28.889485+00:00 phase=running job=audit-m4-t512
2026-10-06T09:37:44.027180+00:00 phase=running job=audit-m4-t512
2026-10-06T09:37:59.123285+00:00 phase=running job=audit-m4-t512
2026-10-06T09:38:14.213406+00:00 phase=running job=audit-m4-t512
2026-10-06T09:38:29.326432+00:00 phase=running job=audit-m4-t512
2026-10-06T09:38:44.421296+00:00 phase=running job=audit-m4-t512
2026-10-06T09:38:59.514333+00:00 phase=running job=audit-m4-t512
2026-10-06T09:39:14.604161+00:00 phase=running job=audit-m4-t512
2026-10-06T09:39:29.691331+00:00 phase=running job=audit-m4-t512
2026-10-06T09:39:44.780221+00:00 phase=running job=audit-m4-t512
2026-10-06T09:39:59.869637+00:00 phase=running job=audit-m4-t512
2026-10-06T09:40:14.982930+00:00 phase=running job=audit-m4-t512
2026-10-06T09:40:30.072916+00:00 phase=running job=audit-m4-t512
2026-10-06T09:40:45.183343+00:00 phase=running job=audit-m4-t512
2026-10-06T09:41:00.272548+00:00 phase=running job=audit-m4-t512
2026-10-06T09:41:15.362727+00:00 phase=running job=audit-m4-t512
2026-10-06T09:41:30.453363+00:00 phase=running job=audit-m4-t512
2026-10-06T09:41:45.560340+00:00 phase=running job=audit-m4-t512
2026-10-06T09:42:00.656019+00:00 phase=running job=audit-m4-t512
2026-10-06T09:42:15.773402+00:00 phase=running job=audit-m4-t512
2026-10-06T09:42:30.889206+00:00 phase=running job=audit-m4-t512
2026-10-06T09:42:45.999824+00:00 phase=running job=audit-m4-t512
2026-10-06T09:43:01.134601+00:00 phase=running job=audit-m4-t512
2026-10-06T09:43:16.269786+00:00 phase=running job=audit-m4-t512
2026-10-06T09:43:31.388021+00:00 phase=running job=audit-m4-t512
2026-10-06T09:43:46.483113+00:00 phase=running job=audit-m4-t512
2026-10-06T09:44:01.574396+00:00 phase=running job=audit-m4-t512
2026-10-06T09:44:16.668710+00:00 phase=running job=audit-m4-t512
2026-10-06T09:44:31.761844+00:00 phase=running job=audit-m4-t512
2026-10-06T09:44:46.876128+00:00 phase=running job=audit-m4-t512
2026-10-06T09:45:01.969518+00:00 phase=running job=audit-m4-t512
2026-10-06T09:45:17.078192+00:00 phase=running job=audit-m4-t512
2026-10-06T09:45:32.186263+00:00 phase=running job=audit-m4-t512
2026-10-06T09:45:47.301717+00:00 phase=running job=audit-m4-t512
2026-10-06T09:46:02.391407+00:00 phase=running job=audit-m4-t512
2026-10-06T09:46:17.506464+00:00 phase=running job=audit-m4-t512
2026-10-06T09:46:32.598744+00:00 phase=running job=audit-m4-t512
2026-10-06T09:46:47.691343+00:00 phase=running job=audit-m4-t512
2026-10-06T09:47:02.783520+00:00 phase=running job=audit-m4-t512
2026-10-06T09:47:17.880287+00:00 phase=running job=audit-m4-t512
2026-10-06T09:47:32.993438+00:00 phase=running job=audit-m4-t512
2026-10-06T09:47:48.111141+00:00 phase=running job=audit-m4-t512
2026-10-06T09:48:03.223545+00:00 phase=running job=audit-m4-t512
2026-10-06T09:48:18.313357+00:00 phase=running job=audit-m4-t512
2026-10-06T09:48:33.428527+00:00 phase=running job=audit-m4-t512
2026-10-06T09:48:48.554067+00:00 phase=running job=audit-m4-t512
2026-10-06T09:49:03.642938+00:00 phase=running job=audit-m4-t512
2026-10-06T09:49:18.732698+00:00 phase=running job=audit-m4-t512
2026-10-06T09:49:33.835472+00:00 phase=running job=audit-m4-t512
2026-10-06T09:49:48.962092+00:00 phase=running job=audit-m4-t512
2026-10-06T09:50:04.069207+00:00 phase=running job=audit-m4-t512
2026-10-06T09:50:19.158232+00:00 phase=running job=audit-m4-t512
2026-10-06T09:50:34.269017+00:00 phase=running job=audit-m4-t512
2026-10-06T09:50:49.381337+00:00 phase=running job=audit-m4-t512
2026-10-06T09:51:04.491123+00:00 phase=running job=audit-m4-t512
2026-10-06T09:51:19.586453+00:00 phase=running job=audit-m4-t512
2026-10-06T09:51:34.677531+00:00 phase=running job=audit-m4-t512
2026-10-06T09:51:49.790653+00:00 phase=running job=audit-m4-t512
2026-10-06T09:52:04.923658+00:00 phase=running job=audit-m4-t512
2026-10-06T09:52:20.036077+00:00 phase=running job=audit-m4-t512
2026-10-06T09:52:35.125703+00:00 phase=running job=audit-m4-t512
2026-10-06T09:52:50.239344+00:00 phase=running job=audit-m4-t512
2026-10-06T09:53:05.323820+00:00 phase=running job=audit-m4-t512
2026-10-06T09:53:20.430687+00:00 phase=running job=audit-m4-t512
2026-10-06T09:53:35.552810+00:00 phase=running job=audit-m4-t512
2026-10-06T09:53:50.662709+00:00 phase=running job=audit-m4-t512
2026-10-06T09:54:05.769400+00:00 phase=running job=audit-m4-t512
2026-10-06T09:54:20.876545+00:00 phase=running job=audit-m4-t512
2026-10-06T09:54:35.960477+00:00 phase=running job=audit-m4-t512
2026-10-06T09:54:51.047766+00:00 phase=running job=audit-m4-t512
2026-10-06T09:55:06.156064+00:00 phase=running job=audit-m4-t512
2026-10-06T09:55:21.284553+00:00 phase=running job=audit-m4-t512
2026-10-06T09:55:36.390670+00:00 phase=running job=audit-m4-t512
2026-10-06T09:55:51.501219+00:00 phase=running job=audit-m4-t512
2026-10-06T09:56:06.642947+00:00 phase=running job=audit-m4-t512
2026-10-06T09:56:21.771964+00:00 phase=running job=audit-m4-t512
2026-10-06T09:56:36.899049+00:00 phase=running job=audit-m4-t512
2026-10-06T09:56:51.996377+00:00 phase=running job=audit-m4-t512
2026-10-06T09:57:07.088447+00:00 phase=running job=audit-m4-t512
2026-10-06T09:57:22.177684+00:00 phase=running job=audit-m4-t512
2026-10-06T09:57:37.287014+00:00 phase=running job=audit-m4-t512
2026-10-06T09:57:52.414948+00:00 phase=running job=audit-m4-t512
2026-10-06T09:58:07.504436+00:00 phase=running job=audit-m4-t512
2026-10-06T09:58:22.593113+00:00 phase=running job=audit-m4-t512
2026-10-06T09:58:37.710500+00:00 phase=running job=audit-m4-t512
2026-10-06T09:58:52.839156+00:00 phase=running job=audit-m4-t512
2026-10-06T09:59:07.971271+00:00 phase=running job=audit-m4-t512
2026-10-06T09:59:23.105547+00:00 phase=running job=audit-m4-t512
2026-10-06T09:59:38.242770+00:00 phase=running job=audit-m4-t512
2026-10-06T09:59:53.372302+00:00 phase=running job=audit-m4-t512
2026-10-06T10:00:08.506244+00:00 phase=running job=audit-m4-t512
2026-10-06T10:00:23.641231+00:00 phase=running job=audit-m4-t512
2026-10-06T10:00:38.745660+00:00 phase=running job=audit-m4-t512
2026-10-06T10:00:53.851701+00:00 phase=running job=audit-m4-t512
2026-10-06T10:01:08.984266+00:00 phase=running job=audit-m4-t512
2026-10-06T10:01:24.118015+00:00 phase=running job=audit-m4-t512
2026-10-06T10:01:39.210622+00:00 phase=running job=audit-m4-t512
2026-10-06T10:01:54.304088+00:00 phase=running job=audit-m4-t512
2026-10-06T10:02:09.407139+00:00 phase=running job=audit-m4-t512
2026-10-06T10:02:24.524324+00:00 phase=running job=audit-m4-t512
2026-10-06T10:02:39.616499+00:00 phase=running job=audit-m4-t512
2026-10-06T10:02:54.706996+00:00 phase=running job=audit-m4-t512
2026-10-06T10:03:09.799238+00:00 phase=running job=audit-m4-t512
2026-10-06T10:03:24.908306+00:00 phase=running job=audit-m4-t512
2026-10-06T10:03:40.011075+00:00 phase=running job=audit-m4-t512
2026-10-06T10:03:55.099743+00:00 phase=running job=audit-m4-t512
2026-10-06T10:04:10.205559+00:00 phase=running job=audit-m4-t512
2026-10-06T10:04:25.316549+00:00 phase=running job=audit-m4-t512
2026-10-06T10:04:40.444276+00:00 phase=running job=audit-m4-t512
2026-10-06T10:04:55.570837+00:00 phase=running job=audit-m4-t512
2026-10-06T10:05:10.661366+00:00 phase=running job=audit-m4-t512
2026-10-06T10:05:25.833329+00:00 phase=running job=audit-m4-t512
2026-10-06T10:05:40.949955+00:00 phase=running job=audit-m4-t512
2026-10-06T10:05:56.080911+00:00 phase=running job=audit-m4-t512
2026-10-06T10:06:11.193110+00:00 phase=running job=audit-m4-t512
2026-10-06T10:06:26.309055+00:00 phase=running job=audit-m4-t512
2026-10-06T10:06:41.429374+00:00 phase=running job=audit-m4-t512
2026-10-06T10:06:56.563761+00:00 phase=running job=audit-m4-t512
2026-10-06T10:07:11.671895+00:00 phase=running job=audit-m4-t512
2026-10-06T10:07:26.797523+00:00 phase=running job=audit-m4-t512
2026-10-06T10:07:41.914018+00:00 phase=running job=audit-m4-t512
2026-10-06T10:07:57.023742+00:00 phase=running job=audit-m4-t512
2026-10-06T10:08:12.130472+00:00 phase=running job=audit-m4-t512
2026-10-06T10:08:27.243958+00:00 phase=running job=audit-m4-t512
2026-10-06T10:08:42.349795+00:00 phase=running job=audit-m4-t512
2026-10-06T10:08:57.464487+00:00 phase=running job=audit-m4-t512
2026-10-06T10:09:12.580344+00:00 phase=running job=audit-m4-t512
2026-10-06T10:09:27.691910+00:00 phase=running job=audit-m4-t512
2026-10-06T10:09:42.837887+00:00 phase=running job=audit-m4-t512
2026-10-06T10:09:57.966826+00:00 phase=running job=audit-m4-t512
2026-10-06T10:10:13.081575+00:00 phase=running job=audit-m4-t512
2026-10-06T10:10:28.192884+00:00 phase=running job=audit-m4-t512
2026-10-06T10:10:43.345630+00:00 phase=running job=audit-m4-t512
2026-10-06T10:10:58.475004+00:00 phase=running job=audit-m4-t512
2026-10-06T10:11:13.606474+00:00 phase=running job=audit-m4-t512
2026-10-06T10:11:28.721564+00:00 phase=running job=audit-m4-t512
2026-10-06T10:11:43.830125+00:00 phase=running job=audit-m4-t512
2026-10-06T10:11:58.918082+00:00 phase=running job=audit-m4-t512
2026-10-06T10:12:14.045933+00:00 phase=running job=audit-m4-t512
2026-10-06T10:12:29.170756+00:00 phase=running job=audit-m4-t512
2026-10-06T10:12:44.274092+00:00 phase=running job=audit-m4-t512
2026-10-06T10:12:59.383208+00:00 phase=running job=audit-m4-t512
2026-10-06T10:13:14.486946+00:00 phase=running job=audit-m4-t512
2026-10-06T10:13:29.612381+00:00 phase=running job=audit-m4-t512
2026-10-06T10:13:44.742898+00:00 phase=running job=audit-m4-t512
2026-10-06T10:13:59.871766+00:00 phase=running job=audit-m4-t512
2026-10-06T10:14:14.980701+00:00 phase=running job=audit-m4-t512
2026-10-06T10:14:30.092583+00:00 phase=running job=audit-m4-t512
2026-10-06T10:14:45.187209+00:00 phase=running job=audit-m4-t512
2026-10-06T10:15:00.321477+00:00 phase=running job=audit-m4-t512
2026-10-06T10:15:15.435508+00:00 phase=running job=audit-m4-t512
2026-10-06T10:15:30.527787+00:00 phase=running job=audit-m4-t512
2026-10-06T10:15:45.634984+00:00 phase=running job=audit-m4-t512
2026-10-06T10:16:00.742606+00:00 phase=running job=audit-m4-t512
2026-10-06T10:16:15.831125+00:00 phase=running job=audit-m4-t512
2026-10-06T10:16:30.920948+00:00 phase=running job=audit-m4-t512
2026-10-06T10:16:46.031759+00:00 phase=running job=audit-m4-t512
2026-10-06T10:17:01.119867+00:00 phase=running job=audit-m4-t512
2026-10-06T10:17:16.254883+00:00 phase=running job=audit-m4-t512
2026-10-06T10:17:31.347030+00:00 phase=running job=audit-m4-t512
2026-10-06T10:17:46.456202+00:00 phase=running job=audit-m4-t512
2026-10-06T10:18:01.563857+00:00 phase=running job=audit-m4-t512
2026-10-06T10:18:16.701691+00:00 phase=running job=audit-m4-t512
2026-10-06T10:18:31.814717+00:00 phase=running job=audit-m4-t512
2026-10-06T10:18:46.921195+00:00 phase=running job=audit-m4-t512
2026-10-06T10:19:02.016858+00:00 phase=running job=audit-m4-t512
2026-10-06T10:19:17.130113+00:00 phase=running job=audit-m4-t512
2026-10-06T10:19:32.337776+00:00 phase=running job=audit-m4-t512
2026-10-06T10:19:47.477431+00:00 phase=running job=audit-m4-t512
2026-10-06T10:20:02.585165+00:00 phase=running job=audit-m4-t512
2026-10-06T10:20:17.699463+00:00 phase=running job=audit-m4-t512
2026-10-06T10:20:32.789396+00:00 phase=running job=audit-m4-t512
2026-10-06T10:20:47.879256+00:00 phase=running job=audit-m4-t512
2026-10-06T10:21:02.968192+00:00 phase=running job=audit-m4-t512
2026-10-06T10:21:18.075471+00:00 phase=running job=audit-m4-t512
2026-10-06T10:21:33.163683+00:00 phase=running job=audit-m4-t512
2026-10-06T10:21:48.258708+00:00 phase=running job=audit-m4-t512
2026-10-06T10:22:03.350187+00:00 phase=running job=audit-m4-t512
2026-10-06T10:22:18.462252+00:00 phase=running job=audit-m4-t512
2026-10-06T10:22:33.575697+00:00 phase=running job=audit-m4-t512
2026-10-06T10:22:48.666801+00:00 phase=running job=audit-m4-t512
2026-10-06T10:23:03.780851+00:00 phase=running job=audit-m4-t512
2026-10-06T10:23:18.903324+00:00 phase=running job=audit-m4-t512
2026-10-06T10:23:34.040503+00:00 phase=running job=audit-m4-t512
2026-10-06T10:23:49.173257+00:00 phase=running job=audit-m4-t512
2026-10-06T10:24:04.281085+00:00 phase=running job=audit-m4-t512
2026-10-06T10:24:19.408893+00:00 phase=running job=audit-m4-t512
2026-10-06T10:24:34.558818+00:00 phase=running job=audit-m4-t512
2026-10-06T10:24:49.669190+00:00 phase=running job=audit-m4-t512
2026-10-06T10:25:04.766078+00:00 phase=running job=audit-m4-t512
2026-10-06T10:25:19.896964+00:00 phase=running job=audit-m4-t512
2026-10-06T10:25:34.986098+00:00 phase=running job=audit-m4-t512
2026-10-06T10:25:50.084338+00:00 phase=running job=audit-m4-t512
2026-10-06T10:26:05.209681+00:00 phase=running job=audit-m4-t512
2026-10-06T10:26:20.343416+00:00 phase=running job=audit-m4-t512
2026-10-06T10:26:35.472009+00:00 phase=running job=audit-m4-t512
2026-10-06T10:26:50.581486+00:00 phase=running job=audit-m4-t512
2026-10-06T10:27:05.713284+00:00 phase=running job=audit-m4-t512
2026-10-06T10:27:20.848655+00:00 phase=running job=audit-m4-t512
2026-10-06T10:27:35.980810+00:00 phase=running job=audit-m4-t512
2026-10-06T10:27:51.073251+00:00 phase=running job=audit-m4-t512
2026-10-06T10:28:06.180661+00:00 phase=running job=audit-m4-t512
2026-10-06T10:28:21.306574+00:00 phase=running job=audit-m4-t512
2026-10-06T10:28:36.431727+00:00 phase=running job=audit-m4-t512
2026-10-06T10:28:51.558296+00:00 phase=running job=audit-m4-t512
2026-10-06T10:29:06.644444+00:00 phase=running job=audit-m4-t512
2026-10-06T10:29:21.731955+00:00 phase=running job=audit-m4-t512
2026-10-06T10:29:36.844098+00:00 phase=running job=audit-m4-t512
2026-10-06T10:29:51.968716+00:00 phase=running job=audit-m4-t512
2026-10-06T10:30:07.057301+00:00 phase=running job=audit-m4-t512
2026-10-06T10:30:22.186550+00:00 phase=running job=audit-m4-t512
2026-10-06T10:30:37.319009+00:00 phase=running job=audit-m4-t512
2026-10-06T10:30:52.424681+00:00 phase=running job=audit-m4-t512
2026-10-06T10:31:07.553546+00:00 phase=running job=audit-m4-t512
2026-10-06T10:31:22.680088+00:00 phase=running job=audit-m4-t512
2026-10-06T10:31:37.800124+00:00 phase=running job=audit-m4-t512
2026-10-06T10:31:52.905924+00:00 phase=running job=audit-m4-t512
2026-10-06T10:32:08.032704+00:00 phase=running job=audit-m4-t512
2026-10-06T10:32:23.156507+00:00 phase=running job=audit-m4-t512
2026-10-06T10:32:38.282022+00:00 phase=running job=audit-m4-t512
2026-10-06T10:32:53.367553+00:00 phase=running job=audit-m4-t512
2026-10-06T10:33:08.455994+00:00 phase=running job=audit-m4-t512
2026-10-06T10:33:23.565376+00:00 phase=running job=audit-m4-t512
2026-10-06T10:33:38.683216+00:00 phase=running job=audit-m4-t512
2026-10-06T10:33:53.791257+00:00 phase=running job=audit-m4-t512
2026-10-06T10:34:08.898897+00:00 phase=running job=audit-m4-t512
2026-10-06T10:34:23.997121+00:00 phase=running job=audit-m4-t512
2026-10-06T10:34:39.089897+00:00 phase=running job=audit-m4-t512
2026-10-06T10:34:54.205110+00:00 phase=running job=audit-m4-t512
2026-10-06T10:35:09.298152+00:00 phase=running job=audit-m4-t512
2026-10-06T10:35:24.390345+00:00 phase=running job=audit-m4-t512
2026-10-06T10:35:39.505086+00:00 phase=running job=audit-m4-t512
2026-10-06T10:35:54.635969+00:00 phase=running job=audit-m4-t512
2026-10-06T10:36:09.733794+00:00 phase=running job=audit-m4-t512
2026-10-06T10:36:24.846697+00:00 phase=running job=audit-m4-t512
2026-10-06T10:36:39.939654+00:00 phase=running job=audit-m4-t512
2026-10-06T10:36:55.053916+00:00 phase=running job=audit-m4-t512
2026-10-06T10:37:10.143794+00:00 phase=running job=audit-m4-t512
2026-10-06T10:37:25.235250+00:00 phase=running job=audit-m4-t512
2026-10-06T10:37:40.348060+00:00 phase=running job=audit-m4-t512
2026-10-06T10:37:55.476768+00:00 phase=running job=audit-m4-t512
2026-10-06T10:38:10.590258+00:00 phase=running job=audit-m4-t512
2026-10-06T10:38:25.699773+00:00 phase=running job=audit-m4-t512
2026-10-06T10:38:40.823040+00:00 phase=running job=audit-m4-t512
2026-10-06T10:38:55.930022+00:00 phase=running job=audit-m4-t512
2026-10-06T10:39:11.038163+00:00 phase=running job=audit-m4-t512
2026-10-06T10:39:26.164017+00:00 phase=running job=audit-m4-t512
2026-10-06T10:39:41.280730+00:00 phase=running job=audit-m4-t512
2026-10-06T10:39:56.393439+00:00 phase=running job=audit-m4-t512
2026-10-06T10:40:11.508489+00:00 phase=running job=audit-m4-t512
2026-10-06T10:40:26.626125+00:00 phase=running job=audit-m4-t512
2026-10-06T10:40:41.797923+00:00 phase=running job=audit-m4-t512
2026-10-06T10:40:56.911364+00:00 phase=running job=audit-m4-t512
2026-10-06T10:41:12.022433+00:00 phase=running job=audit-m4-t512
2026-10-06T10:41:27.140694+00:00 phase=running job=audit-m4-t512
2026-10-06T10:41:42.272569+00:00 phase=running job=audit-m4-t512
2026-10-06T10:41:57.388118+00:00 phase=running job=audit-m4-t512
2026-10-06T10:42:12.497716+00:00 phase=running job=audit-m4-t512
2026-10-06T10:42:27.592425+00:00 phase=running job=audit-m4-t512
2026-10-06T10:42:42.685744+00:00 phase=running job=audit-m4-t512
2026-10-06T10:42:57.774941+00:00 phase=running job=audit-m4-t512
2026-10-06T10:43:12.885821+00:00 phase=running job=audit-m4-t512
2026-10-06T10:43:28.017641+00:00 phase=running job=audit-m4-t512
2026-10-06T10:43:43.150001+00:00 phase=running job=audit-m4-t512
2026-10-06T10:43:58.242275+00:00 phase=running job=audit-m4-t512
2026-10-06T10:44:13.334620+00:00 phase=running job=audit-m4-t512
2026-10-06T10:44:28.451679+00:00 phase=running job=audit-m4-t512
2026-10-06T10:44:43.581326+00:00 phase=running job=audit-m4-t512
2026-10-06T10:44:58.672574+00:00 phase=running job=audit-m4-t512
2026-10-06T10:45:13.798949+00:00 phase=running job=audit-m4-t512
2026-10-06T10:45:28.904054+00:00 phase=running job=audit-m4-t512
2026-10-06T10:45:44.010556+00:00 phase=running job=audit-m4-t512
2026-10-06T10:45:59.116112+00:00 phase=running job=audit-m4-t512
2026-10-06T10:46:14.236926+00:00 phase=running job=audit-m4-t512
2026-10-06T10:46:29.334966+00:00 phase=running job=audit-m4-t512
2026-10-06T10:46:44.446866+00:00 phase=running job=audit-m4-t512
2026-10-06T10:46:59.563849+00:00 phase=running job=audit-m4-t512
2026-10-06T10:47:14.657998+00:00 phase=running job=audit-m4-t512
2026-10-06T10:47:29.753210+00:00 phase=running job=audit-m4-t512
2026-10-06T10:47:44.866664+00:00 phase=running job=audit-m4-t512
2026-10-06T10:47:59.957666+00:00 phase=running job=audit-m4-t512
2026-10-06T10:48:15.069711+00:00 phase=running job=audit-m4-t512
2026-10-06T10:48:30.156942+00:00 phase=running job=audit-m4-t512
2026-10-06T10:48:45.268140+00:00 phase=running job=audit-m4-t512
2026-10-06T10:49:00.379442+00:00 phase=running job=audit-m4-t512
2026-10-06T10:49:15.488138+00:00 phase=running job=audit-m4-t512
2026-10-06T10:49:30.596619+00:00 phase=running job=audit-m4-t512
2026-10-06T10:49:45.704044+00:00 phase=running job=audit-m4-t512
2026-10-06T10:50:00.808161+00:00 phase=running job=audit-m4-t512
2026-10-06T10:50:15.896646+00:00 phase=running job=audit-m4-t512
2026-10-06T10:50:30.985682+00:00 phase=running job=audit-m4-t512
2026-10-06T10:50:46.094024+00:00 phase=running job=audit-m4-t512
2026-10-06T10:51:01.204251+00:00 phase=running job=audit-m4-t512
2026-10-06T10:51:16.313847+00:00 phase=running job=audit-m4-t512
2026-10-06T10:51:31.406863+00:00 phase=running job=audit-m4-t512
2026-10-06T10:51:46.518543+00:00 phase=running job=audit-m4-t512
2026-10-06T10:52:01.616066+00:00 phase=running job=audit-m4-t512
2026-10-06T10:52:16.706782+00:00 phase=running job=audit-m4-t512
2026-10-06T10:52:31.805367+00:00 phase=running job=audit-m4-t512
2026-10-06T10:52:46.921467+00:00 phase=running job=audit-m4-t512
2026-10-06T10:53:02.032566+00:00 phase=running job=audit-m4-t512
2026-10-06T10:53:17.124556+00:00 phase=running job=audit-m4-t512
2026-10-06T10:53:32.260390+00:00 phase=running job=audit-m4-t512
2026-10-06T10:53:47.357583+00:00 phase=running job=audit-m4-t512
2026-10-06T10:54:02.484086+00:00 phase=running job=audit-m4-t512
2026-10-06T10:54:17.573832+00:00 phase=running job=audit-m4-t512
2026-10-06T10:54:32.665725+00:00 phase=running job=audit-m4-t512
2026-10-06T10:54:47.771978+00:00 phase=running job=audit-m4-t512
2026-10-06T10:55:02.878662+00:00 phase=running job=audit-m4-t512
2026-10-06T10:55:17.992722+00:00 phase=running job=audit-m4-t512
2026-10-06T10:55:33.118301+00:00 phase=running job=audit-m4-t512
2026-10-06T10:55:48.208556+00:00 phase=running job=audit-m4-t512
2026-10-06T10:56:03.296720+00:00 phase=running job=audit-m4-t512
2026-10-06T10:56:18.391935+00:00 phase=running job=audit-m4-t512
2026-10-06T10:56:33.517466+00:00 phase=running job=audit-m4-t512
2026-10-06T10:56:48.610842+00:00 phase=running job=audit-m4-t512
2026-10-06T10:57:03.722698+00:00 phase=running job=audit-m4-t512
2026-10-06T10:57:18.835070+00:00 phase=running job=audit-m4-t512
2026-10-06T10:57:33.946390+00:00 phase=running job=audit-m4-t512
2026-10-06T10:57:49.052881+00:00 phase=running job=audit-m4-t512
2026-10-06T10:58:04.180684+00:00 phase=running job=audit-m4-t512
2026-10-06T10:58:19.295606+00:00 phase=running job=audit-m4-t512
2026-10-06T10:58:34.386107+00:00 phase=running job=audit-m4-t512
2026-10-06T10:58:49.496771+00:00 phase=running job=audit-m4-t512
2026-10-06T10:59:04.610427+00:00 phase=running job=audit-m4-t512
2026-10-06T10:59:19.726052+00:00 phase=running job=audit-m4-t512
2026-10-06T10:59:34.827877+00:00 phase=running job=audit-m4-t512
2026-10-06T10:59:49.949661+00:00 phase=running job=audit-m4-t512
2026-10-06T11:00:05.066631+00:00 phase=running job=audit-m4-t512
2026-10-06T11:00:20.179773+00:00 phase=running job=audit-m4-t512
2026-10-06T11:00:35.294269+00:00 phase=running job=audit-m4-t512
2026-10-06T11:00:50.413906+00:00 phase=running job=audit-m4-t512
2026-10-06T11:01:05.533785+00:00 phase=running job=audit-m4-t512
2026-10-06T11:01:20.646569+00:00 phase=running job=audit-m4-t512
2026-10-06T11:01:35.736110+00:00 phase=running job=audit-m4-t512
2026-10-06T11:01:50.824710+00:00 phase=running job=audit-m4-t512
2026-10-06T11:02:05.938634+00:00 phase=running job=audit-m4-t512
2026-10-06T11:02:21.027074+00:00 phase=running job=audit-m4-t512
2026-10-06T11:02:36.158001+00:00 phase=running job=audit-m4-t512
2026-10-06T11:02:51.288476+00:00 phase=running job=audit-m4-t512
2026-10-06T11:03:06.394850+00:00 phase=running job=audit-m4-t512
2026-10-06T11:03:21.485251+00:00 phase=running job=audit-m4-t512
2026-10-06T11:03:36.578612+00:00 phase=running job=audit-m4-t512
2026-10-06T11:03:51.689585+00:00 phase=running job=audit-m4-t512
2026-10-06T11:04:06.820222+00:00 phase=running job=audit-m4-t512
2026-10-06T11:04:21.957363+00:00 phase=running job=audit-m4-t512
2026-10-06T11:04:37.088902+00:00 phase=running job=audit-m4-t512
2026-10-06T11:04:52.213377+00:00 phase=running job=audit-m4-t512
2026-10-06T11:05:07.349314+00:00 phase=running job=audit-m4-t512
2026-10-06T11:05:22.478327+00:00 phase=running job=audit-m4-t512
2026-10-06T11:05:37.567294+00:00 phase=running job=audit-m4-t512
2026-10-06T11:05:52.692012+00:00 phase=running job=audit-m4-t512
2026-10-06T11:06:07.779622+00:00 phase=running job=audit-m4-t512
2026-10-06T11:06:22.868401+00:00 phase=running job=audit-m4-t512
2026-10-06T11:06:37.978279+00:00 phase=running job=audit-m4-t512
2026-10-06T11:06:53.080951+00:00 phase=running job=audit-m4-t512
2026-10-06T11:07:08.191582+00:00 phase=running job=audit-m4-t512
2026-10-06T11:07:23.319568+00:00 phase=running job=audit-m4-t512
2026-10-06T11:07:38.428199+00:00 phase=running job=audit-m4-t512
2026-10-06T11:07:53.555097+00:00 phase=running job=audit-m4-t512
2026-10-06T11:08:08.662075+00:00 phase=running job=audit-m4-t512
2026-10-06T11:08:23.775296+00:00 phase=running job=audit-m4-t512
2026-10-06T11:08:38.905974+00:00 phase=running job=audit-m4-t512
2026-10-06T11:08:54.038130+00:00 phase=running job=audit-m4-t512
2026-10-06T11:09:09.168634+00:00 phase=running job=audit-m4-t512
2026-10-06T11:09:24.279811+00:00 phase=running job=audit-m4-t512
2026-10-06T11:09:39.420301+00:00 phase=running job=audit-m4-t512
2026-10-06T11:09:54.553275+00:00 phase=running job=audit-m4-t512
2026-10-06T11:10:09.668941+00:00 phase=running job=audit-m4-t512
2026-10-06T11:10:24.802081+00:00 phase=running job=audit-m4-t512
2026-10-06T11:10:39.934172+00:00 phase=running job=audit-m4-t512
2026-10-06T11:10:55.154935+00:00 phase=running job=audit-m4-t512
2026-10-06T11:11:10.270498+00:00 phase=running job=audit-m4-t512
2026-10-06T11:11:25.399638+00:00 phase=running job=audit-m4-t512
2026-10-06T11:11:40.525193+00:00 phase=running job=audit-m4-t512
2026-10-06T11:11:55.649070+00:00 phase=running job=audit-m4-t512
2026-10-06T11:12:10.758523+00:00 phase=running job=audit-m4-t512
2026-10-06T11:12:25.868551+00:00 phase=running job=audit-m4-t512
2026-10-06T11:12:40.997506+00:00 phase=running job=audit-m4-t512
2026-10-06T11:12:56.114685+00:00 phase=running job=audit-m4-t512
2026-10-06T11:13:11.221374+00:00 phase=running job=audit-m4-t512
2026-10-06T11:13:26.337213+00:00 phase=running job=audit-m4-t512
2026-10-06T11:13:41.428932+00:00 phase=running job=audit-m4-t512
2026-10-06T11:13:56.565055+00:00 phase=running job=audit-m4-t512
2026-10-06T11:14:11.686457+00:00 phase=running job=audit-m4-t512
2026-10-06T11:14:26.783527+00:00 phase=running job=audit-m4-t512
2026-10-06T11:14:41.877666+00:00 phase=running job=audit-m4-t512
2026-10-06T11:14:57.001546+00:00 phase=running job=audit-m4-t512
2026-10-06T11:15:12.110982+00:00 phase=running job=audit-m4-t512
2026-10-06T11:15:27.200007+00:00 phase=running job=audit-m4-t512
2026-10-06T11:15:42.307606+00:00 phase=running job=audit-m4-t512
2026-10-06T11:15:57.436175+00:00 phase=running job=audit-m4-t512
2026-10-06T11:16:12.524659+00:00 phase=running job=audit-m4-t512
2026-10-06T11:16:27.651067+00:00 phase=running job=audit-m4-t512
2026-10-06T11:16:42.745961+00:00 phase=running job=audit-m4-t512
2026-10-06T11:16:57.839036+00:00 phase=running job=audit-m4-t512
2026-10-06T11:17:12.946645+00:00 phase=running job=audit-m4-t512
2026-10-06T11:17:28.036156+00:00 phase=running job=audit-m4-t512
2026-10-06T11:17:43.151660+00:00 phase=running job=audit-m4-t512
2026-10-06T11:17:58.266851+00:00 phase=running job=audit-m4-t512
2026-10-06T11:18:13.376907+00:00 phase=running job=audit-m4-t512
2026-10-06T11:18:28.489453+00:00 phase=running job=audit-m4-t512
2026-10-06T11:18:43.601298+00:00 phase=running job=audit-m4-t512
2026-10-06T11:18:58.698443+00:00 phase=running job=audit-m4-t512
2026-10-06T11:19:13.790817+00:00 phase=running job=audit-m4-t512
2026-10-06T11:19:28.884548+00:00 phase=running job=audit-m4-t512
2026-10-06T11:19:43.999395+00:00 phase=running job=audit-m4-t512
2026-10-06T11:19:59.093106+00:00 phase=running job=audit-m4-t512
2026-10-06T11:20:14.189193+00:00 phase=running job=audit-m4-t512
2026-10-06T11:20:29.300777+00:00 phase=running job=audit-m4-t512
2026-10-06T11:20:44.413258+00:00 phase=running job=audit-m4-t512
2026-10-06T11:20:59.524368+00:00 phase=running job=audit-m4-t512
2026-10-06T11:21:14.630973+00:00 phase=running job=audit-m4-t512
2026-10-06T11:21:29.741524+00:00 phase=running job=audit-m4-t512
2026-10-06T11:21:44.877763+00:00 phase=running job=audit-m4-t512
2026-10-06T11:21:59.992665+00:00 phase=running job=audit-m4-t512
2026-10-06T11:22:15.124698+00:00 phase=running job=audit-m4-t512
2026-10-06T11:22:30.218789+00:00 phase=running job=audit-m4-t512
2026-10-06T11:22:45.334153+00:00 phase=running job=audit-m4-t512
2026-10-06T11:23:00.428963+00:00 phase=running job=audit-m4-t512
2026-10-06T11:23:15.541427+00:00 phase=running job=audit-m4-t512
2026-10-06T11:23:30.632205+00:00 phase=running job=audit-m4-t512
2026-10-06T11:23:45.741213+00:00 phase=running job=audit-m4-t512
2026-10-06T11:24:00.857334+00:00 phase=running job=audit-m4-t512
2026-10-06T11:24:15.965263+00:00 phase=running job=audit-m4-t512
2026-10-06T11:24:31.076142+00:00 phase=running job=audit-m4-t512
2026-10-06T11:24:46.164646+00:00 phase=running job=audit-m4-t512
2026-10-06T11:25:01.275693+00:00 phase=running job=audit-m4-t512
2026-10-06T11:25:16.383075+00:00 phase=running job=audit-m4-t512
2026-10-06T11:25:31.474208+00:00 phase=running job=audit-m4-t512
2026-10-06T11:25:46.565042+00:00 phase=running job=audit-m4-t512
2026-10-06T11:26:01.696263+00:00 phase=running job=audit-m4-t512
2026-10-06T11:26:16.804036+00:00 phase=running job=audit-m4-t512
2026-10-06T11:26:31.892949+00:00 phase=running job=audit-m4-t512
2026-10-06T11:26:47.006114+00:00 phase=running job=audit-m4-t512
2026-10-06T11:27:02.114508+00:00 phase=running job=audit-m4-t512
2026-10-06T11:27:17.227998+00:00 phase=running job=audit-m4-t512
2026-10-06T11:27:32.341139+00:00 phase=running job=audit-m4-t512
2026-10-06T11:27:47.459974+00:00 phase=running job=audit-m4-t512
2026-10-06T11:28:02.552312+00:00 phase=running job=audit-m4-t512
2026-10-06T11:28:17.662341+00:00 phase=running job=audit-m4-t512
2026-10-06T11:28:32.756390+00:00 phase=running job=audit-m4-t512
2026-10-06T11:28:47.868055+00:00 phase=running job=audit-m4-t512
2026-10-06T11:29:02.964536+00:00 phase=running job=audit-m4-t512
2026-10-06T11:29:18.054777+00:00 phase=running job=audit-m4-t512
2026-10-06T11:29:33.167787+00:00 phase=running job=audit-m4-t512
2026-10-06T11:29:48.265136+00:00 phase=running job=audit-m4-t512
2026-10-06T11:30:03.379135+00:00 phase=running job=audit-m4-t512
2026-10-06T11:30:18.507234+00:00 phase=running job=audit-m4-t512
2026-10-06T11:30:33.596178+00:00 phase=running job=audit-m4-t512
2026-10-06T11:30:48.685145+00:00 phase=running job=audit-m4-t512
2026-10-06T11:31:03.796549+00:00 phase=running job=audit-m4-t512
2026-10-06T11:31:18.884090+00:00 phase=running job=audit-m4-t512
2026-10-06T11:31:34.009417+00:00 phase=running job=audit-m4-t512
2026-10-06T11:31:49.115451+00:00 phase=running job=audit-m4-t512
2026-10-06T11:32:04.204666+00:00 phase=running job=audit-m4-t512
2026-10-06T11:32:19.291599+00:00 phase=running job=audit-m4-t512
2026-10-06T11:32:34.378936+00:00 phase=running job=audit-m4-t512
2026-10-06T11:32:49.489560+00:00 phase=running job=audit-m4-t512
2026-10-06T11:33:04.601204+00:00 phase=running job=audit-m4-t512
2026-10-06T11:33:19.691730+00:00 phase=running job=audit-m4-t512
2026-10-06T11:33:34.780535+00:00 phase=running job=audit-m4-t512
2026-10-06T11:33:49.870632+00:00 phase=running job=audit-m4-t512
2026-10-06T11:34:04.960721+00:00 phase=running job=audit-m4-t512
2026-10-06T11:34:20.071569+00:00 phase=running job=audit-m4-t512
2026-10-06T11:34:35.163185+00:00 phase=running job=audit-m4-t512
2026-10-06T11:34:50.253877+00:00 phase=running job=audit-m4-t512
2026-10-06T11:35:05.362682+00:00 phase=running job=audit-m4-t512
2026-10-06T11:35:20.455600+00:00 phase=running job=audit-m4-t512
2026-10-06T11:35:35.544073+00:00 phase=running job=audit-m4-t512
2026-10-06T11:35:50.673160+00:00 phase=running job=audit-m4-t512
2026-10-06T11:36:05.784688+00:00 phase=running job=audit-m4-t512
2026-10-06T11:36:20.872577+00:00 phase=running job=audit-m4-t512
2026-10-06T11:36:35.981740+00:00 phase=running job=audit-m4-t512
2026-10-06T11:36:35.982713+00:00 phase=job_completed job=audit-m4-t512
2026-10-06T11:36:35.983028+00:00 phase=completed job=None
